date,Temp,ws,SolarRad,Rainfall,Humidity,PM10,PM2.5,wd
01-01-13,17,0,89.24,0,69,353.92,239.56,CLM
01-02-13,18.4,2,107.57,0,68,377.76,255.73,E  
01-03-13,18.9,0,79.21,0,74,358.93,246.32,CLM
01-04-13,19.9,2,72.29,0,70,363.61,254.28,WNW
01-05-13,18.7,2,102.34,0,60,260.23,182.96,N  
01-06-13,18.2,2,107.14,0,53,302.63,213.63,W  
01-07-13,17.1,2,62.77,0,59,318.23,234.27,NW 
01-08-13,12.5,2.3,139.88,0,71,313.89,255.15,NW 
01-09-13,10.4,2,95.55,0,81,320.12,253.82,NW 
01-10-13,12.3,2,40.95,0,80,417.83,315.62,NW 
01-11-13,12.5,0,94.64,0,79,345.6,263.22,CLM
01-12-13,15.8,2,106.23,0,66,289.25,214.06,NW 
01-13-13,16.8,2,107.82,0,73,365.09,264.36,NNW
01-14-13,17.7,0,108.85,0,68,339,234.98,CLM
01-15-13,18.5,2,99.62,0,63,347.8,226.9,W  
01-16-13,18.6,0,96.12,0,68,395.49,261.86,CLM
01-17-13,19.4,0,91.06,0,67,428.73,274.27,CLM
01-18-13,20,2,116.66,0,67,290.14,223.7,N  
01-19-13,21.6,0,109.09,0,62,320.6,213.69,CLM
01-20-13,21.5,2,100.16,0,64,241.47,167.51,NW 
01-21-13,19.6,2,137.94,0,58,215.36,137.79,NW 
01-22-13,19.4,2,82,0,58,201.67,137.51,WNW
01-23-13,19,2.3,93.59,0,59,202.14,141,NW 
01-24-13,18.5,2.7,87.77,0,60,191.06,136.87,W  
01-25-13,15.7,2.6,95.82,0,66,226.51,168.43,W  
01-26-13,16.1,2.4,78.43,0,59,209.62,158.67,W  
01-27-13,17,2,115.56,0,66,258.21,197.06,W  
01-28-13,18.2,2,84.33,0,64,261.95,196.13,WNW
01-29-13,17.9,2,117.63,0,65,261.46,187.65,W  
01-30-13,19.6,2,115.71,0,51,300.33,215.38,NW 
01-31-13,20,0,89.72,0,60,287.98,200.93,CLM
02-01-13,19.6,0,53.2,0,69,380.15,262.2,CLM
02-02-13,21.4,2,95.93,0,59,313.24,211.89,WNW
02-03-13,22.3,2,125.15,0,49,243.83,156.7,W  
02-04-13,22.3,2,114.32,0,55,249.45,149.17,W  
02-05-13,23.2,2,118.82,0,58,263.57,159.96,NW 
02-06-13,23.8,3,138.5,0,53,177.74,108.17,NW 
02-07-13,24.2,2,109.86,0,55,202.87,115.05,NW 
02-08-13,22,2.4,114.52,0,62,138.21,79.51,W  
02-09-13,20.7,2,155.06,0,54,157.4,93.52,W  
02-10-13,21.5,3,154.91,0,49,176.12,106.63,NW 
02-11-13,22.5,2,139.19,0,51,196.12,122.49,NW 
02-12-13,23.3,2,124.33,0,52,193.23,118.81,NW 
02-13-13,23.4,2,117.71,0,51,205.8,124.76,W  
02-14-13,22.4,3,138.39,0,54,259.97,157.61,NW 
02-15-13,23.8,2,144.24,0,43,327.01,200.71,W  
02-16-13,23.5,2,86.81,0,56,249.79,138.73,N  
02-17-13,19.1,3,58.98,0,82,179.65,101.11,NW 
02-18-13,17.9,2,,8,83,,,W  
02-19-13,20.4,2.5,,0,63,,,N  
02-20-13,22.3,2,,0,55,,,W  
02-21-13,23.1,2.8,,0,55,,,WNW
02-22-13,24.5,2.5,,0,51,,,W  
02-23-13,24.8,2,,0,56,,,W  
02-24-13,25.9,2,155.76,0,51,124.47,67.26,NW 
02-25-13,25.8,2,164.28,0,49,148.05,77.16,W  
02-26-13,25.5,2.3,172.11,0,46,122.66,63.33,NW 
02-27-13,25.6,3,169.02,0,52,151.95,86.56,NW 
02-28-13,25.2,2,170.19,0,52,185.44,108.05,NW 
03-01-13,24,3,179.49,0,43,179.57,97.21,W  
03-02-13,24.4,2.3,177.14,0,44,182.55,101.77,W  
03-03-13,24.8,2,167.23,0,56,171.05,71.42,W  
03-04-13,25.5,2,162.54,0,51,214.93,,NNW
03-05-13,25.1,2,170.38,0,50,200.83,,W  
03-06-13,26.1,2,162.56,0,51,294.15,105.21,N  
03-07-13,26.5,4,159.73,0,45,291.54,161.09,W  
03-08-13,26.2,2.3,179.86,0,45,243.62,135.64,W  
03-09-13,26.2,3,153.81,0,47,267.05,153,NW 
03-10-13,27,2.7,143.85,0,43,264.96,148.89,SW 
03-11-13,26.5,2,146.54,0,68,118.25,69.73,S  
03-12-13,27.5,2,142.49,0,70,85.88,46.56,S  
03-13-13,26.8,2,144.23,0,74,109.61,60.85,S  
03-14-13,28.3,2,162.25,8,66,158.96,90.88,W  
03-15-13,29.5,2.5,156.87,0,58,152.16,90.41,SW 
03-16-13,28.5,2,158.69,0,53,168.68,96.06,W  
03-17-13,26,3,129.8,0,55,240.5,118.07,W  
03-18-13,26.4,2.5,197.84,0,44,122.76,64.69,SW 
03-19-13,27.9,2,190.27,0,50,103.7,57.25,S  
03-20-13,28.4,2.5,177.98,0,54,139.81,74.34,SW 
03-21-13,28.5,3,175.08,0,57,135.75,76.51,W  
03-22-13,27.9,2,150.17,0,51,203.97,105.52,S  
03-23-13,28.1,2,159.85,17,72,124.98,76.29,S  
03-24-13,29.2,2,158.74,1,69,115.64,70.91,S  
03-25-13,29.7,2,170.66,0,63,115.06,66.41,W  
03-26-13,30.2,2,191.05,0,56,107.59,53.94,SW 
03-27-13,29.7,2,192.23,0,55,108.5,55.49,S  
03-28-13,29.8,2.5,175.36,0,57,115.38,64.79,SW 
03-29-13,28.4,3.8,138.51,0,48,156.74,90.87,W  
03-30-13,28.8,2.3,151.22,0,54,124.76,77.63,SW 
03-31-13,29.2,2,136.73,0,69,118.15,72.21,S  
04-01-13,27.4,2,129.71,2,62,94.14,53.6,S  
04-02-13,29.2,2,186.83,0,71,92.51,55.16,S  
04-03-13,30,2.2,190.68,0,64,102.32,57.29,S  
04-04-13,31.1,2.5,188.82,0,50,100.8,48.5,SW 
04-05-13,30.2,3.3,216.88,0,35,126.72,51.35,W  
04-06-13,29.2,3.5,218.96,0,35,128.88,53.49,W  
04-07-13,29.7,2.8,204.21,0,64,110.22,55.91,S  
04-08-13,30.6,3.4,202.63,0,65,104.24,45.44,S  
04-09-13,30.9,2.8,208.36,0,65,90.43,40.03,S  
04-10-13,30.3,3,208.19,0,69,77.71,35.16,S  
04-11-13,30.7,3,184.47,0,69,84.36,36.97,S  
04-12-13,31.2,2.3,200.81,0,68,84.08,39.13,S  
04-13-13,31.1,3.7,196.04,0,64,72.94,31.52,S  
04-14-13,29.7,4,123,0,58,103.22,39.24,W  
04-15-13,28.6,2.5,192.95,0,54,101.64,41.41,S  
04-16-13,25.6,3.3,149.57,0,69,92.15,50.69,NE 
04-17-13,25.6,2.5,157.53,3,73,87.05,45.71,SE 
04-18-13,26.7,2,177.18,4,64,97.46,55.69,SE 
04-19-13,27.5,2.5,152.39,0,68,124.17,68.21,S  
04-20-13,27.6,2.5,211.97,9,61,62.23,33.91,NE 
04-21-13,27.5,3,148.27,0,66,125.36,74.49,W  
04-22-13,24.8,2,81.41,0,73,89.36,52.18,SE 
04-23-13,26.9,2,162.09,1,68,123.09,74.26,W  
04-24-13,29,2.5,211.91,0,61,140.57,87.79,W  
04-25-13,30.1,4,200.57,0,61,183.19,110.84,NNW
04-26-13,31.5,2,209.28,0,61,110.78,61.61,S  
04-27-13,28.4,3,121.37,0,73,81.15,38.3,SE 
04-28-13,28.4,2.7,146.82,13,74,74.76,37.6,S  
04-29-13,30.4,2.4,130.17,0,76,77.91,35.5,S  
04-30-13,30.6,2.8,157.32,0,75,77.57,34.9,SE 
05-01-13,31.3,4.4,186.31,0,72,69.57,29.78,S  
05-02-13,31.3,3.2,192.67,0,71,62.34,23.87,S  
05-03-13,31.7,3.6,216.71,0,64,61.96,21.79,S  
05-04-13,27.9,4,151.33,0,71,48.35,18.22,SE 
05-05-13,25.2,2.8,191.78,4,75,44.08,22.23,E  
05-06-13,23.6,3.4,57.76,2,86,48.71,25.64,E  
05-07-13,26.5,3,126.94,17,84,53.74,28.3,E  
05-08-13,27.4,2,140.97,18,81,44.29,20.03,S  
05-09-13,27.8,4,129.79,40,82,56.61,30.7,E  
05-10-13,30.4,2.8,167.49,0,78,46.41,17.73,S  
05-11-13,29.7,3.8,186.17,0,74,54.08,,SE 
05-12-13,26.8,2,152.95,7,79,,,S  
05-13-13,28.7,2.3,177.83,3,73,,,S  
05-14-13,27.8,3.5,150.88,19,76,,,S  
05-15-13,28.5,2,136.58,0,75,,,E  
05-16-13,23.4,2.5,33.87,3,91,35.13,19.94,NE 
05-17-13,28.8,3.3,178.92,75,78,76.74,39.75,S  
05-18-13,28.8,3,114.63,0,81,91.44,43.87,S  
05-19-13,30.6,3.7,196.97,3,74,84.31,38.07,SE 
05-20-13,27.5,2,95.6,0,86,74.13,40.89,SE 
05-21-13,26.7,2.3,91,30,85,64.37,,SE 
05-22-13,26.4,2,79.16,4,87,61.55,30,SE 
05-23-13,25.6,2,31.79,1,91,58.8,39,NNW
05-24-13,25.8,2.7,68.47,109,89,49.62,26.21,E  
05-25-13,28.4,2,147.01,22,80,71.89,36.51,E  
05-26-13,30,2,187.12,0,76,65.11,35,SE 
05-27-13,30,2,155.47,0,73,75.68,,E  
05-28-13,29,2,154.84,0,74,48.6,,E  
05-29-13,28.4,4.6,125.69,1,78,40.78,18.74,E  
05-30-13,26.9,6.3,87.01,1,82,42.87,17.2,E  
05-31-13,25.6,3,99.07,19,82,55.09,28.28,E  
06-01-13,30.3,2,205.71,12,78,80.74,33.33,E  
06-02-13,31,3.5,218.06,0,73,72.55,28.67,SW 
06-03-13,32.2,3.5,206.46,0,71,91.8,39.15,S  
06-04-13,32.1,2,196.85,0,72,64.51,27.09,S  
06-05-13,31.5,3.5,148.38,0,74,60.91,27.29,W  
06-06-13,29.2,2,97.25,1,82,59.73,22.45,SW 
06-07-13,26.4,0,40.98,37,93,34.37,15.52,CLM
06-08-13,30,2.2,187.21,20,77,56.57,23.9,S  
06-09-13,29.7,2,124.64,0,79,53.52,21.43,S  
06-10-13,31.2,2,134.52,0,72,62.77,27.26,E  
06-11-13,32.1,2,204.86,0,68,59.89,26.62,E  
06-12-13,31.2,2.7,187.67,0,65,53.72,17.75,E  
06-13-13,30.9,2,210.51,0,67,54.37,15.38,E  
06-14-13,29.2,2,111.11,0,77,58.84,20.11,E  
06-15-13,30.5,2.3,162.05,1,74,103.24,47.03,S  
06-16-13,31.9,2,234.68,0,67,77.19,28.96,S  
06-17-13,32,2.3,216.03,0,66,93.55,35.43,S  
06-18-13,32.2,2,204.04,0,67,95.49,34.21,SE 
06-19-13,29.6,2.3,153.03,0,81,79.19,28.46,N  
06-20-13,29.7,2,118.74,9,81,74.63,36.45,E  
06-21-13,30.9,2,160.77,34,74,69.35,34.02,E  
06-22-13,30.9,2,193.44,11,73,51.14,22.99,SE 
06-23-13,30.9,2.5,177.12,0,73,54.98,17.1,SE 
06-24-13,30.3,4.5,159.71,1,72,55.5,18.5,E  
06-25-13,27.9,5.3,91.01,1,87,38.69,16.61,SE 
06-26-13,28.8,2,121.35,32,84,40.33,12.38,S  
06-27-13,29.4,3,119.08,10,83,44.55,14.64,SE 
06-28-13,27.4,2,52.94,14,91,48.28,19.52,S  
06-29-13,26.9,3,54.98,85,94,47.45,28.28,S  
06-30-13,27.5,2,69.36,57,88,49.17,28.18,SE 
07-01-13,29.4,2,143.95,5,79,68.28,29.09,SE 
07-02-13,29.8,2,164.52,0,76,64.37,22.52,SE 
07-03-13,29.6,2,143.87,0,78,52.69,20.5,SE 
07-04-13,28.3,2.3,77.58,0,85,50.08,19.21,SE 
07-05-13,30.4,2.7,196.22,28,75,40.5,13.5,S  
07-06-13,30,2.5,164.5,0,76,38.18,12.46,S  
07-07-13,29.5,2.2,152.1,0,78,47.69,16.74,S  
07-08-13,30.6,2.2,229.92,0,73,39.64,10.52,S  
07-09-13,30.3,2.3,218.23,0,75,41.45,10.96,S  
07-10-13,30.4,2,185.77,0,74,41.95,10.38,SE 
07-11-13,29.7,3.2,150,1,74,50.72,13.16,SE 
07-12-13,29.2,2.3,121.51,0,80,50.04,17.13,SE 
07-13-13,28.6,3.7,132.2,5,79,41.23,14.14,SE 
07-14-13,28.7,2,116.13,6,81,54.18,18.42,SE 
07-15-13,30.5,2.8,180.75,3,71,61.03,23.49,SE 
07-16-13,30,2.5,140.11,0,75,52.61,18.05,E  
07-17-13,29.4,3.5,172.12,1,76,56.23,21.47,SE 
07-18-13,29.8,3.2,156.7,1,74,52.09,14.76,SE 
07-19-13,28.9,2.6,150.84,2,81,58.37,18.42,SE 
07-20-13,28.7,2,145.74,41,83,49.9,18.36,SE 
07-21-13,30.1,2,159.51,11,73,,18.49,SE 
07-22-13,31.1,2.7,246.56,2,69,56,16.73,E  
07-23-13,30.9,2.2,97.62,0,69,45.96,12.17,E  
07-24-13,30.6,2,176.09,1,70,48.72,13.99,SE 
07-25-13,29.4,2.8,142.06,0,76,39.18,13.6,E  
07-26-13,27.7,4.5,108.35,5,87,32.07,16.56,SE 
07-27-13,26.9,2,57.23,29,90,32.08,15.32,S  
07-28-13,26.1,2,48.13,122,92,40.1,23.46,E  
07-29-13,27.9,2.3,118.46,35,82,45.6,20.35,E  
07-30-13,29.1,2.8,196.94,3,76,53.35,23.74,E  
07-31-13,28.3,2.5,,1,79,,,SE 
08-01-13,29.1,3.3,,4,78,,,SE 
08-02-13,30.2,2.8,,6,74,,,SSE
08-03-13,30.2,2,,0,79,,,S  
08-04-13,29.2,2,,17,80,,,SE 
08-05-13,29.2,2.7,,0,74,,,SE 
08-06-13,26.9,2,,3,87,,,S  
08-07-13,27.5,2.5,,20,88,,,S  
08-08-13,28.3,2.5,,39,80,,,S  
08-09-13,29.7,3,,1,75,,,S  
08-10-13,27.6,1.7,,1,87,,,S  
08-11-13,27.7,2,,18,85,,,E  
08-12-13,28.1,2,,4,85,,,S  
08-13-13,29.4,2,,4,78,,,E  
08-14-13,28.2,2.7,,1,84,,,S  
08-15-13,27.6,2,,0,88,,,S  
08-16-13,27.6,2.3,,30,87,,,SE 
08-17-13,28.6,2.3,,8,80,,,E  
08-18-13,28.4,3,,1,78,,,E  
08-19-13,28.4,3.5,,0,76,,,E  
08-20-13,27.1,5,,0,85,,,SE 
08-21-13,27.9,2.3,,1,84,,,SE 
08-22-13,29,2.3,,11,79,,,SE 
08-23-13,30.2,2.7,,7,75,,,E  
08-24-13,30.1,2,,0,75,,,S  
08-25-13,31.3,2,,0,72,,,S  
08-26-13,28.7,2.5,,0,83,,,S  
08-27-13,28,2,,17,84,,,SE 
08-28-13,28.6,2.3,,5,81,,,SE 
08-29-13,28.7,3,,4,82,,,S  
08-30-13,29.3,2.2,,9,80,,,S  
08-31-13,29,2.3,,1,85,,,S  
09-01-13,29,2,,0,87,,,S  
09-02-13,29.1,2.3,,2,79,,,S  
09-03-13,29,2,,1,80,,,S  
09-04-13,29.1,2,,5,81,,,S  
09-05-13,28.8,2.5,,11,84,,,S  
09-06-13,29.3,2,,4,82,,,S  
09-07-13,29.3,2.3,,5,78,,,S  
09-08-13,25.8,2,,0,94,,,E  
09-09-13,27.8,2,,0,84,,,S  
09-10-13,27.8,2,,0,83,,,S  
09-11-13,28.8,0,,0,83,,,CLM
09-12-13,29.2,0,,3,83,,,CLM
09-13-13,31.4,2,,26,73,,,NE 
09-14-13,27.7,2,,12,85,,,E  
09-15-13,29.6,2,,0,76,,,SSW
09-16-13,29.1,0,,0,80,,,CLM
09-17-13,29.5,2,,0,80,,,SE 
09-18-13,29.5,2,,12,78,,,E  
09-19-13,29.8,3,,0,71,,,E  
09-20-13,30.3,2.5,,2,72,,,E  
09-21-13,29.8,2,,0,78,,,S  
09-22-13,29.2,2,,4,85,,,S  
09-23-13,30.6,0,,0,77,,,CLM
09-24-13,30.2,2,,0,81,,,N  
09-25-13,27.4,0,,27,90,,,CLM
09-26-13,28.3,2,,1,84,,,S  
09-27-13,28.7,4,,20,81,,,S  
09-28-13,28.4,0,,0,84,,,CLM
09-29-13,26.8,2,,1,86,,,S  
09-30-13,26.6,2.3,,2,84,,,E  
10-01-13,28.5,2,,5,79,,,E  
10-02-13,30,2.5,,0,72,,,ESE
10-03-13,28.1,2,,0,79,,,S  
10-04-13,25.9,2,,4,90,,,S  
10-05-13,26.6,2,,30,90,,,S  
10-06-13,26.3,2,,13,88,,,E  
10-07-13,26.9,0,,3,88,,,CLM
10-08-13,27.9,2,,1,76,,,NE 
10-09-13,28.3,2,,0,75,,,SE 
10-10-13,29.2,2,,0,70,,,N  
10-11-13,29.4,2,,0,69,,,E  
10-12-13,28.9,2,,0,77,,,SE 
10-13-13,29,3.2,,4,72,,,SE 
10-14-13,29.3,2.7,,1,71,,,S  
10-15-13,28,3,,0,80,,,SE 
10-16-13,27.6,2,,6,82,,,SE 
10-17-13,28.7,0,,1,80,,,CLM
10-18-13,29.4,0,,0,73,,,CLM
10-19-13,29.6,2,,0,72,,,W  
10-20-13,27.4,2,,0,78,,,SW 
10-21-13,25.4,4,,3,88,,,S  
10-22-13,24.9,0,,35,90,,,CLM
10-23-13,25.4,0,,13,86,,,CLM
10-24-13,27.4,0,,0,79,,,CLM
10-25-13,24.4,2,,0,91,,,NE 
10-26-13,23.4,2.3,,11,88,,,NE 
10-27-13,24.9,2,,1,81,,,N  
10-28-13,26,2,,0,76,,,SW 
10-29-13,26.8,2,,0,73,,,W  
10-30-13,25.5,2,,0,67,,,W  
10-31-13,25.4,2,,0,67,,,N  
11-01-13,25,2,,0,69,,,W  
11-02-13,25.4,2,,0,70,,,W  
11-03-13,26.1,0,,0,72,,,CLM
11-04-13,24.4,0,,0,81,,,CLM
11-05-13,24.4,2,,0,73,,,WNW
11-06-13,24,2,,0,74,,,E  
11-07-13,24.5,2,,0,69,,,NE 
11-08-13,24.5,2,,0,69,,,NE 
11-09-13,24.7,0,,0,68,,,CLM
11-10-13,25.4,2,,0,66,,,WSW
11-11-13,25.2,2,,0,58,,,N  
11-12-13,24.2,2.5,,0,52,,,NW 
11-13-13,23.9,2,,0,57,,,NW 
11-14-13,23.5,2,,0,64,,,NW 
11-15-13,23.9,0,,0,61,,,CLM
11-16-13,25,2,,0,56,,,NE 
11-17-13,22.9,2,11.05,0,69,155.48,124.36,N  
11-18-13,24.5,2,157.11,0,60,133.84,,W  
11-19-13,23.2,2,155.9,0,60,131.42,,NNW
11-20-13,22.1,2,142.33,0,66,155.49,,W  
11-21-13,21.8,2,153.67,0,71,169.24,,NNE
11-22-13,22.7,2,152.6,0,67,161.7,,NE 
11-23-13,22.7,2.5,146.99,0,63,150.01,,N  
11-24-13,22,2,123.31,0,65,224.01,,NW 
11-25-13,22.3,2,130.26,0,70,146.11,445,NNW
11-26-13,22.7,0,121.04,0,72,153.34,,CLM
11-27-13,22.4,2,134.29,0,75,127.14,,E  
11-28-13,23.2,2,138.93,0,69,131.66,,E  
11-29-13,23.6,2,126.51,0,67,177.06,,NW 
11-30-13,23.4,2,118.77,0,71,169.72,,N  
12-01-13,23.7,2.3,122.69,0,66,197.3,23.28,N  
12-02-13,23.5,2,121.61,0,65,170.21,,NNW
12-03-13,22.4,2,132.2,0,75,164.49,,NE 
12-04-13,23.4,2,132.3,0,69,136.79,,N  
12-05-13,23.1,0,109.2,0,68,153.61,,CLM
12-06-13,22.4,0,125.89,0,70,175.26,,CLM
12-07-13,22.5,2,110.84,0,72,159.78,,ENE
12-08-13,22.6,2,119.41,0,68,147.84,,W  
12-09-13,22.3,3,95.75,0,77,163,,N  
12-10-13,22.4,2,130.28,0,71,110.12,,NE 
12-11-13,22,2,123.11,0,64,158.32,,W  
12-12-13,20.1,0,103.79,0,67,255.98,,CLM
12-13-13,20,2,104,0,67,292.05,,W  
12-14-13,19.4,2,100.43,0,70,329.21,,NNW
12-15-13,19.1,2,127.17,0,75,245.54,,W  
12-16-13,19.5,2,126.42,0,68,213.28,,N  
12-17-13,19,0,129.87,0,67,192.57,,CLM
12-18-13,19.3,2,91.94,0,69,247.74,,E  
12-19-13,18.8,0,69.53,0,79,318.69,,CLM
12-20-13,19.7,2,62.38,0,80,347.11,,SE 
12-21-13,20,0,85.27,0,85,250.94,,CLM
12-22-13,20,0,95.95,0,80,223.26,,CLM
12-23-13,21,2,102,0,75,239.81,126.68,W  
12-24-13,20.8,2.8,122.75,0,68,247.16,,W  
12-25-13,17.4,3,112.12,0,75,260.01,,W  
12-26-13,17.5,2.3,93.16,0,73,274.46,,W  
12-27-13,16,2,89.15,0,85,318.26,,W  
12-28-13,16.6,0,84.51,0,84,315.09,,CLM
12-29-13,16.8,2,109.25,0,82,289.41,,WNW
12-30-13,17.3,2,126.13,0,72,258.14,,W  
12-31-13,16.4,2,128.73,0,73,279.74,,NE 
01-01-14,19.2,2,7.04,0,63,315.67,222.31,W  
01-02-14,19.3,2,125.8,0,71,226.34,209.55,W  
01-03-14,18.2,2,106.85,0,66,242.54,202.26,NW 
01-04-14,16.9,2,120.45,0,71,229.36,169.56,NW 
01-05-14,17,2,115.93,0,76,252.67,127.45,N  
01-06-14,17.1,0,103.12,0,84,293.75,153.3,CLM
01-07-14,17,2,32.69,0,77,359.6,191.56,NW 
01-08-14,16.6,2,89.63,0,60,309.66,215.18,NW 
01-09-14,14.4,2,133.19,0,87,277.35,222.65,W  
01-10-14,15.7,2,89.88,0,83,302.8,315.62,NW 
01-11-14,20,2,107.74,0,63,370.25,234.67,NW 
01-12-14,19.5,2,123.26,0,64,227.97,187.28,NNW
01-13-14,20,2.5,103.36,0,67,208.51,216.66,W  
01-14-14,17.2,2,123.75,0,83,223.99,204.92,WNW
01-15-14,15.8,2,99.75,0,88,218.76,201.48,W  
01-16-14,16.7,2.7,31.47,0,78,189.37,229.7,WNW
01-17-14,17.2,2.3,83.29,0,84,195.1,207.04,W  
01-18-14,20.1,3,104.02,0,69,249.99,179.82,SSE
01-19-14,20.3,4,134.96,0,72,207.79,185.95,SW 
01-20-14,18.6,2,122.99,0,79,235.3,160.52,NW 
01-21-14,16.7,2.5,123.24,0,85,186.04,155.38,NW 
01-22-14,19.2,2,104.42,0,80,173.82,144.36,W  
01-23-14,21.4,2,118.07,0,66,323.38,144.53,WNW
01-24-14,21,3,136.12,0,67,253.82,201.79,W  
01-25-14,21.2,2,122.88,0,61,241.63,180.76,NW 
01-26-14,19.7,2.5,138.14,0,62,177.08,110.43,W  
01-27-14,17.5,2,151.79,0,70,194.39,124.68,W  
01-28-14,17.1,2.5,138.35,0,71,220.49,149.99,NW 
01-29-14,19.3,2,116.46,0,67,234.24,153.69,NW 
01-30-14,20,2.5,147.03,0,61,243.17,148.52,W  
01-31-14,18,3,136.94,0,81,307.93,169.32,NNW
02-01-14,18.4,2.5,114.34,0,78,254.63,161.03,NNW
02-02-14,19.3,2.8,156.15,0,66,229.55,140.74,W  
02-03-14,17.6,2.5,155.89,0,67,208.33,131.21,W  
02-04-14,16.2,3,127.69,0,77,267.57,172.92,W  
02-05-14,19.6,2,122.61,0,74,327.98,194.1,WSW
02-06-14,21.1,2,135.37,0,67,316.87,184.36,W  
02-07-14,21.9,3,146.12,0,59,321.09,156.06,W  
02-08-14,23.6,2,133.42,0,67,211.82,115.38,W  
02-09-14,23.1,2,130.97,0,65,196.54,86.29,W  
02-10-14,22,2,136.54,0,51,255.02,99.78,NW 
02-11-14,22.4,2.3,120.09,0,51,247.35,107.53,NW 
02-12-14,21.5,2,158.56,0,44,198.28,93.82,N  
02-13-14,20.7,2.8,149.63,0,48,202.57,90.06,N  
02-14-14,21.6,2,134.17,0,45,216.98,103.36,NNW
02-15-14,19.6,2.8,99.73,0,71,164.62,79.01,N  
02-16-14,18.8,2.3,45.55,1,87,105.08,69.46,E  
02-17-14,17.9,2,84.35,8,79,106.54,54.6,W  
02-18-14,18.8,2.7,162.33,3,59,193.91,105.99,W  
02-19-14,21.2,2,174.11,0,56,189.07,110.11,W  
02-20-14,21,2,171.24,0,58,195.77,132.75,W  
02-21-14,20.9,2.7,162.66,0,58,305.12,169.01,W  
02-22-14,21.9,2,140.2,0,59,319.09,206.5,NW 
02-23-14,23.1,2.7,141.9,0,58,346.71,240.35,W  
02-24-14,23.4,2,149.96,0,64,186.43,74.32,W  
02-25-14,24.3,2.5,162.46,0,52,203.46,100.23,N  
02-26-14,22.7,2,149.22,0,58,223.15,114.07,NW 
02-27-14,23.4,2.5,137.99,0,56,251.9,142.33,NW 
02-28-14,22.3,5,144.86,0,65,165.88,74.4,W  
03-01-14,23.4,2,152.17,0,57,149.73,72.48,NNW
03-02-14,23.4,2.8,6.77,0,59,130.64,62.64,NW 
03-03-14,24,2,167.03,0,55,166.33,77.72,NW 
03-04-14,23.9,3,133.37,0,46,178.38,62.58,NNW
03-05-14,23.2,2.7,170.93,0,52,178.22,85.36,W  
03-06-14,23.7,2,161.36,0,52,210.14,101.15,WSW
03-07-14,23.3,4.7,168,0,48,216.2,102.94,NW 
03-08-14,22.8,2,169.24,0,47,209.83,88.33,NW 
03-09-14,23.7,2,163.74,0,44,237.87,115.08,WNW
03-10-14,24.5,2.8,150.16,0,45,225.33,106.71,W  
03-11-14,24.6,2,169.54,0,45,214.75,107.15,N  
03-12-14,26.1,2,147.09,0,47,412.79,208.68,NW 
03-13-14,27.1,2,132.84,0,52,258.98,153.14,NW 
03-14-14,26.8,2,161.74,0,45,208.14,96.48,N  
03-15-14,25.9,3,183.4,0,40,180.62,87.92,W  
03-16-14,25.8,2.3,176.59,0,42,190.35,94.97,NW 
03-17-14,26.5,2,160.72,0,44,347.77,178.28,W  
03-18-14,27.9,2,144.33,0,60,312.77,168.83,SW 
03-19-14,28.3,2.5,157.32,0,64,147.85,76.8,S  
03-20-14,27.4,2,160.31,0,52,166.21,68.33,W  
03-21-14,27.1,2,135.82,0,50,231.26,76.51,NE 
03-22-14,27.2,2,154.33,0,57,199.32,105.52,S  
03-23-14,26,2,181.1,10,58,108.4,82.35,S  
03-24-14,26.5,2.5,165.85,0,65,129.02,66.72,S  
03-25-14,27.1,2,160.94,0,66,138.79,67.07,NW 
03-26-14,28.5,2,151.5,0,67,129.1,66.95,S  
03-27-14,30.2,2,184.65,0,65,117.14,54.51,S  
03-28-14,30.5,3,196.13,0,56,141,62.39,W  
03-29-14,31.5,2,205.2,0,42,168.73,74.16,WSW
03-30-14,31.5,2.7,197.9,0,47,166.5,68.08,WSW
03-31-14,31.6,2,189.99,0,51,169.09,73.1,W  
04-01-14,30.7,2,166.17,0,58,136.98,62.04,S  
04-02-14,30.9,2,181.64,0,54,158.47,73.89,S  
04-03-14,29.7,2,178.76,0,59,179.48,70.18,WNW
04-04-14,25,2,164.76,54,69,90.56,52.65,NW 
04-05-14,27.7,2,135.26,6,65,175.76,98.09,SE 
04-06-14,27.9,2,172.85,0,70,148.67,77.31,W  
04-07-14,29.5,2.3,162.17,1,68,140.11,63.94,SE 
04-08-14,29.9,2.7,154.72,0,71,96.79,37.6,S  
04-09-14,30.5,3.3,164.84,0,68,95.25,39.49,SE 
04-10-14,29.6,2,194.81,0,60,114.38,46.9,S  
04-11-14,30.2,2,205.43,0,52,158.6,72.5,W  
04-12-14,30.8,2,199.65,0,50,131.52,59.52,W  
04-13-14,30.1,2,201.77,0,42,126.34,52.58,SW 
04-14-14,29.7,3,185.44,0,50,253.79,99.58,NNW
04-15-14,29.8,2,158.09,0,51,228.56,110.6,NW 
04-16-14,31.6,2,173.4,0,49,218.64,112.47,SW 
04-17-14,31.3,2,196.67,0,63,104.05,48.91,S  
04-18-14,32.2,2,197.97,0,58,156.32,63.03,S  
04-19-14,31.8,2,177.63,0,58,177.83,75.49,W  
04-20-14,32.6,2,194.66,0,51,222.34,98.18,W  
04-21-14,32,2,216.48,0,40,251.09,108.05,NW 
04-22-14,32.4,2,213.04,0,37,250.95,105.8,W  
04-23-14,32.8,2,214.86,0,36,236.07,101.75,W  
04-24-14,34.4,2.3,212.89,0,38,210.17,87.28,W  
04-25-14,32.2,2.5,203.78,0,50,158.08,64.42,S  
04-26-14,31.5,2.3,207.37,0,58,122.62,59.36,SE 
04-27-14,32.2,2,216.6,1,64,115.78,55.09,S  
04-28-14,29.4,2,155.75,0,68,114.56,46.44,WSW
04-29-14,30.4,2,181.89,7,65,97.46,38.18,S  
04-30-14,31,2.3,225.51,11,65,99.49,51.37,SE 
05-01-14,29.4,5.5,197.21,0,68,87.03,37.31,S  
05-02-14,29.5,4.5,200.78,15,64,81.36,37.04,S  
05-03-14,28.7,2,191.1,3,60,84.02,36.15,W  
05-04-14,30.3,2,217.38,0,61,100.21,46.75,WSW
05-05-14,28.4,2,104.17,0,72,81.56,36.27,W  
05-06-14,31.3,2,190.45,0,60,124.86,69.19,S  
05-07-14,27.7,2.5,153.62,0,78,60.07,25.3,SE 
05-08-14,30.6,2,175.42,22,68,63.58,23.41,S  
05-09-14,32.3,3,225.27,0,65,61.55,20.87,S  
05-10-14,31.6,2,119.35,0,65,74.33,29.87,SSW
05-11-14,28.7,3,42.19,1,76,48.02,18.7,S  
05-12-14,31.4,3.7,196.42,3,69,71.5,28.43,S  
05-13-14,31.1,3.3,202.56,0,69,85.88,36.28,S  
05-14-14,30.9,2.5,206.08,15,61,99.39,48.67,SW 
05-15-14,30.6,2.3,187.87,0,63,99.98,45.66,SE 
05-16-14,31.9,2,190.51,0,61,118.97,56.74,SE 
05-17-14,31.8,2,212.29,0,65,98.69,47.52,NW 
05-18-14,32.3,2,186.12,0,64,101.59,46.64,SW 
05-19-14,32.2,3.7,176.23,0,67,101.19,47.5,SE 
05-20-14,32.1,3,196.94,0,66,100.71,46.08,S  
05-21-14,31.9,2.2,213.95,0,64,98.92,37.61,SE 
05-22-14,32.3,2,201,0,64,75.03,26.04,SE 
05-23-14,33.1,2.5,211.12,0,62,64.04,24.77,S  
05-24-14,28.4,3,110.51,0,75,53.8,24.8,SSE
05-25-14,27.5,3,144.89,34,82,64.37,35.12,E  
05-26-14,29.3,2,147.26,20,75,76.19,36.26,E  
05-27-14,28.5,2,157.9,0,82,81.36,49.23,SE 
05-28-14,27.9,4.5,85.78,10,83,57.74,28.24,SSW
05-29-14,30.4,4,167.47,18,65,41.5,24.86,W  
05-30-14,27.6,6,107.4,0,76,62.88,17.2,E  
05-31-14,26.9,2,137.6,6,85,65.16,28.28,E  
06-01-14,27.4,2,192.95,5,81,73.21,27.48,S  
06-02-14,27,2,174.37,24,89,62.02,24.73,W  
06-03-14,29.2,2.5,194.32,52,79,68.28,27.88,S  
06-04-14,30.7,2,208,15,74,56.68,22.32,W  
06-05-14,31.7,2,174.93,0,71,51.32,21.35,S  
06-06-14,31.7,2,136.39,0,68,51.78,19.74,S  
06-07-14,31.7,2,100.06,0,68,36.02,13.73,S  
06-08-14,32,2,111.56,0,66,60.6,20.81,S  
06-09-14,32,2.2,201.14,0,68,40.67,15.09,S  
06-10-14,31.3,2.3,178.92,0,73,58.82,23.64,S  
06-11-14,27.8,2,31.57,0,79,59,38.21,SE 
06-12-14,32.3,2,154.13,22,73,85.03,42.54,S  
06-13-14,30,2.3,188.51,0,75,81.75,38.42,E  
06-14-14,32.2,2,219.66,12,67,88.46,47.08,W  
06-15-14,31,2,218.58,0,70,49,33.99,W  
06-16-14,31.3,2,144.01,21,71,70,44.19,S  
06-17-14,28.4,2,62.86,0,88,78.76,48.34,SE 
06-18-14,29.3,2,101.06,15,80,71.6,48.64,S  
06-19-14,28.4,2,113.39,0,85,33.29,28.34,S  
06-20-14,27.7,2,76.41,32,86,36.01,21.46,SE 
06-21-14,27.3,2.5,43.98,13,89,42.4,14.55,WSW
06-22-14,27.4,2.8,44.13,25,92,55.25,17.97,S  
06-23-14,26,2.5,23.83,14,91,51.35,18.36,E  
06-24-14,27.5,2,100.72,40,79,72.06,44.97,SE 
06-25-14,30,2,118.16,19,77,100.27,51.37,S  
06-26-14,29.2,2,114.99,0,81,77.69,42.79,S  
06-27-14,28.8,3,102.25,1,80,53.68,27.17,S  
06-28-14,29.2,2.3,154.28,9,79,56.69,25.64,S  
06-29-14,28.6,2,104.92,13,85,68.96,35.84,S  
06-30-14,29.6,2,126.55,10,76,63.52,31.84,E  
07-01-14,29.6,3.2,170.48,0,74,49.93,20.47,SE 
07-02-14,29.1,2.3,119.63,0,78,54.07,24.35,W  
07-03-14,28,2.3,72.94,1,86,55.52,29.73,SE 
07-04-14,28.2,2.3,104,4,83,56.08,29.51,SE 
07-05-14,26.9,2,47.11,5,90,36.7,22.37,W  
07-06-14,29.5,2,185.19,69,82,50.71,25.32,WSW
07-07-14,30.6,2.7,198.56,3,75,51.25,20.91,S  
07-08-14,29.7,2,182.34,0,79,41.39,17.88,S  
07-09-14,30.8,2,184.77,37,74,53.92,23.16,NE 
07-10-14,31,3,131.68,0,75,61.15,28.89,SW 
07-11-14,30.6,2,163.05,2,72,46.83,28.21,SE 
07-12-14,31.8,2,197.74,4,67,45.67,21.35,E  
07-13-14,31.3,2.6,190.7,0,71,49.52,17.94,E  
07-14-14,30.6,2.1,112.86,1,72,52.98,20.37,SE 
07-15-14,29.1,2.8,107.14,0,77,40.25,15.32,SE 
07-16-14,28.1,2.6,101.41,5,84,35.13,15.47,SE 
07-17-14,29.3,2,154.14,8,79,52.02,19.17,SE 
07-18-14,29.8,2,175.78,6,78,44.74,21.38,SE 
07-19-14,29.8,2.2,144.5,3,77,51.69,22.16,SE 
07-20-14,29.3,3.8,130.93,0,75,46.68,11.66,SE 
07-21-14,27.3,2.8,77.36,4,86,0,18.49,E  
07-22-14,28.1,2,113.99,9,82,45.47,26.02,S  
07-23-14,29.2,2,127.06,8,75,56.74,28.67,SE 
07-24-14,29.3,2,149.16,2,76,53.94,26.78,SE 
07-25-14,30.7,2.3,183.11,0,71,54.86,26.25,E  
07-26-14,31.1,2,191.26,0,70,35.95,16.64,SW 
07-27-14,28.4,2,95.55,11,81,34.66,19.09,S  
07-28-14,28.9,2,131.79,23,78,33.67,13.69,SE 
07-29-14,29.3,2.4,146.61,3,77,25.38,10.33,E  
07-30-14,30.3,2,176.85,2,73,25.74,10.08,SE 
07-31-14,29.9,2,157.86,2,76,25.88,10.57,S  
08-01-14,30.5,2,157.97,1,75,30.34,15.09,SE 
08-02-14,30.4,2.5,170.4,1,73,28.28,15.4,E  
08-03-14,28.9,2.8,118.65,0,80,34.7,10.45,SE 
08-04-14,28.5,2.4,125.68,5,82,29.6,12.97,SE 
08-05-14,29.2,2.3,180.86,20,81,37.44,20.18,SE 
08-06-14,28.5,2,110.36,11,83,41.27,17.42,S  
08-07-14,29.4,2.3,135.72,23,81,45.08,23.14,W  
08-08-14,29.5,2,200.5,1,73,30.65,17.73,S  
08-09-14,29.7,2.8,135.55,0,74,43.33,19.54,SE 
08-10-14,29.7,2.2,166.63,0,77,58.06,16.08,SE 
08-11-14,29.8,2,173.38,0,79,51.34,18.44,SE 
08-12-14,29.6,2.5,159.18,2,82,46.44,18.52,S  
08-13-14,27.4,3,47.72,23,90,44,19.08,SW 
08-14-14,26.7,2,35.07,14,93,17,22.22,SE 
08-15-14,27.7,0,65.88,55,90,46.83,30.25,CLM
08-16-14,27.5,0,74.77,10,88,40.11,31,CLM
08-17-14,28.4,2,126.83,16,83,37.84,24.66,S  
08-18-14,28.8,0,136.46,0,84,33.38,26.01,CLM
08-19-14,27.9,2,108.46,17,87,39.43,21.42,S  
08-20-14,28.6,2,153.75,75,85,66.99,32.04,S  
08-21-14,29.5,2.5,149.92,15,81,61.59,38.6,S  
08-22-14,28.6,2,110.34,0,85,46.33,22.76,S  
08-23-14,28.6,2,124.02,16,84,25.73,14.82,S  
08-24-14,29.2,2.4,144.65,0,81,28.3,13.54,S  
08-25-14,28.4,0,113.9,0,84,33.11,19.41,CLM
08-26-14,27.3,2,76.46,0,90,59.61,24.61,SW 
08-27-14,27.9,0,59.41,15,90,82.74,47.06,CLM
08-28-14,27.4,3,109.18,9,87,46.86,26.73,E  
08-29-14,30.2,2,196,13,73,87,50.08,WSW
08-30-14,29.6,3,0,0,77,0,0,E  
08-31-14,28,3.3,0,49,78,0,0,SE 
09-01-14,28.6,2.2,0,1,74,0,0,SE 
09-02-14,29.5,2,150.78,0,73,41.12,20.64,E  
09-03-14,30,2,150.69,0,72,58.32,12.87,S  
09-04-14,29.8,2,164.2,0,72,65.35,16.78,SE 
09-05-14,29.4,2,155.74,1,73,44.6,21.06,E  
09-06-14,29.8,2,167.74,0,70,49.94,19.62,WSW
09-07-14,29.6,2.3,131.53,0,72,0,18.17,SE 
09-08-14,29.4,2,154.72,0,73,51.63,20.04,S  
09-09-14,29.8,2,147.43,0,73,50,24.81,SW 
09-10-14,30.3,2,172.84,0,69,47.47,18.18,S  
09-11-14,29.9,2,157.89,0,70,49.97,19.81,S  
09-12-14,29.9,2,126.36,0,73,52.57,24.4,S  
09-13-14,29.9,2,132.54,1,75,38.26,20.06,S  
09-14-14,30.5,2,157.44,0,72,40.09,16.78,SE 
09-15-14,29.7,2.5,145.14,0,74,49.46,24.51,E  
09-16-14,29.5,2,87.41,0,77,54.9,27,S  
09-17-14,29.8,2,102.01,0,79,67.18,40.54,S  
09-18-14,30.2,2,88.32,5,82,53.83,35.06,W  
09-19-14,28.5,2,94.42,9,82,33.54,15.28,S  
09-20-14,26.7,2,51.4,34,90,28.32,19.89,SSE
09-21-14,28.2,2.3,61.58,37,86,56.72,33.77,SE 
09-22-14,27.8,2.3,57.94,10,88,32.29,19.47,S  
09-23-14,27.6,2,88.45,35,84,31.95,29.4,S  
09-24-14,27.1,2,90.5,0,87,37,35.35,E  
09-25-14,28.5,2,130.86,18,77,0,35.52,SE 
09-26-14,27.9,2,130.97,0,80,76.45,39.8,S  
09-27-14,29.6,3.7,188.65,4,74,0,45.11,SW 
09-28-14,29.8,2,181.15,0,71,0,56.11,SW 
09-29-14,28.6,0,138.29,0,77,0,88.12,CLM
09-30-14,29.2,2,98.16,1,77,113.91,73.39,E  
10-01-14,30.1,2,149.18,0,70,0,66.76,W  
10-02-14,29.4,2,113.5,0,74,0,73.89,N  
10-03-14,29.9,2,111.76,0,72,0,57.41,E  
10-04-14,30,2,128.86,0,71,0,53.96,N  
10-05-14,30.5,2,158.9,0,69,84.93,46.49,E  
10-06-14,30.3,2,158.92,0,69,72.75,44.36,W  
10-07-14,29.3,2,133.49,2,68,62.53,36.29,W  
10-08-14,29.1,0,99.31,0,76,63.64,43.15,CLM
10-09-14,29.5,2,107.89,0,76,71.37,50.43,E  
10-10-14,29.5,2,150.27,0,72,62.71,45.27,N  
10-11-14,26.6,3,79.93,1,87,28.67,17.87,NE 
10-12-14,27.8,2,115.74,37,81,26.59,18.34,E  
10-13-14,27.6,2.5,179.83,0,84,34.37,23.39,SE 
10-14-14,28,2,125.99,6,85,37.83,21.86,E  
10-15-14,29.2,2,157.34,2,75,36.16,22.73,W  
10-16-14,28.9,2,158.47,0,72,39.81,26.39,NNE
10-17-14,27.5,2,176.76,0,68,61.62,36.06,W  
10-18-14,26.4,2,136.19,0,66,66.58,40.12,W  
10-19-14,27.1,2.3,167.99,0,64,70.04,44.12,W  
10-20-14,27,2,130.22,0,70,81.28,52.11,NNE
10-21-14,26.9,0,168.75,0,68,89.95,54.58,CLM
10-22-14,27.7,2,158.9,0,64,99.52,64.84,W  
10-23-14,27.1,2,132.57,0,68,85.75,56.71,W  
10-24-14,26.7,0,111.19,0,71,104.41,68.24,CLM
10-25-14,27.2,2,136.96,0,72,88.24,58.21,E  
10-26-14,26.4,2,67.54,1,73,78.48,54.59,NE 
10-27-14,24.5,0,55.03,0,71,75.74,48.26,CLM
10-28-14,23.4,0,49.64,0,81,104.34,74.69,CLM
10-29-14,24.5,2,167.67,0,72,80.15,50.88,NE 
10-30-14,25.2,2,178.1,0,65,86.36,51.86,N  
10-31-14,25.2,1,150.96,0,65,108.68,68.25,NW 
11-01-14,26.3,2,230.46,0,65,144.8,94.79,W  
11-02-14,25.9,2,181.81,0,68,90.78,50.82,NW 
11-03-14,26.7,2,152.37,0,68,104.96,83.21,NNW
11-04-14,26.8,0,153.71,0,70,105.61,66.55,CLM
11-05-14,26.2,0,144.23,0,68,107.89,87.53,CLM
11-06-14,27.5,2,154.13,0,62,104.95,65.99,NW 
11-07-14,28.3,0,141.65,0,61,101.29,53.23,CLM
11-08-14,29.2,2,98.83,0,66,75.06,41.42,E  
11-09-14,27.4,2,73.6,0,79,84.45,44.67,NE 
11-10-14,26.3,2,155.36,0,60,101.67,58.82,NW 
11-11-14,25.6,2,122.39,0,64,123.65,76.53,W  
11-12-14,25.5,0,118.52,0,66,192.64,120.93,CLM
11-13-14,25.4,2,105.6,0,66,264.38,153.64,W  
11-14-14,24,2,138.93,0,56,221.06,134.04,W  
11-15-14,22.8,2,120.33,0,58,221.57,143.63,NW 
11-16-14,23.1,2,117.37,0,64,208.3,132.1,NW 
11-17-14,23.6,0,97,0,71,229.3,143.1,CLM
11-18-14,24.4,2,122.83,0,69,196.87,122.9,NW 
11-19-14,24.5,1,95.74,0,67,167.31,111.69,NNW
11-20-14,24.5,2,105.57,0,62,168.12,108.27,NW 
11-21-14,23.6,2,115.8,0,65,197.7,134.28,W  
11-22-14,22,2,120.36,0,64,247.99,169.96,NW 
11-23-14,21.8,3,105.38,0,68,321.08,209.51,W  
11-24-14,21.5,0,110.09,0,64,274.06,176.54,CLM
11-25-14,21.5,2,117.11,0,66,219.15,145.41,NW 
11-26-14,20.9,0,104.12,0,72,239.21,149.88,CLM
11-27-14,21.6,0,91.63,0,72,282.56,183.15,CLM
11-28-14,21.2,0,69.55,0,77,284.8,191.16,CLM
11-29-14,21.1,0,97.3,0,70,334.25,221.22,CLM
11-30-14,21.4,0,84.53,0,78,277.84,186.59,CLM
12-01-14,21.4,2,75.1,0,76,282.46,193.02,NW 
12-02-14,21.7,0,105.41,0,73,195.59,130.44,CLM
12-03-14,21.7,0,86.15,0,74,212.15,133.35,CLM
12-04-14,22.1,0,92.49,0,77,247.4,158.16,CLM
12-05-14,22.3,0,95.57,0,75,184.15,118.04,CLM
12-06-14,23.4,2,119.63,0,67,176.96,111.02,NW 
12-07-14,19.1,2,106.68,0,83,171.87,122.07,NW 
12-08-14,18.5,2,99.01,0,83,168.25,133.7,WNW
12-09-14,18.6,0,103.01,0,86,215.99,142.87,CLM
12-10-14,18.9,0,79.44,0,87,311.65,202.38,CLM
12-11-14,17.5,2,65.04,0,85,252.57,182.04,NW 
12-12-14,16.4,2,72.54,0,84,220.14,156.67,W  
12-13-14,17.5,0,44.42,0,86,221.37,146.39,CLM
12-14-14,19.9,2,56.83,0,81,227.84,145.26,W  
12-15-14,19.9,0,56.61,0,81,229.5,147.77,CLM
12-16-14,21.7,2.3,111.12,0,67,242.21,156.57,W  
12-17-14,18.7,2.5,98.46,0,73,167.26,118.29,WNW
12-18-14,16.1,2,91.58,0,86,209.34,140.51,NW 
12-19-14,17.8,2,118.87,0,80,214.95,142.09,NE 
12-20-14,19.9,2,124.65,0,66,191.02,125.87,NW 
12-21-14,20,2,96.67,0,66,219.43,137.96,NW 
12-22-14,19.3,0,105.93,0,66,226.01,146.11,CLM
12-23-14,18.8,2,99.68,0,67,226.79,147.25,W  
12-24-14,19.9,2,105,0,67,231.44,147.51,WNW
12-25-14,19.4,2,115.69,0,71,205.26,142.52,WNW
12-26-14,14.1,2.3,47.03,0,89,211.87,154.48,W  
12-27-14,14.8,2,67.9,0,86,222.52,162.25,NW 
12-28-14,15.9,1.5,84.37,0,86,283.07,203.91,N  
12-29-14,15.6,2,88.54,0,87,370.61,262.95,W  
12-30-14,18.2,0,88.81,0,80,326.56,223.04,CLM
12-31-14,19.4,0,36.54,0,75,375.07,244.81,CLM
01-01-15,22.1,0,57.11,0,71,325.55,205.05,CLM
01-02-15,23.7,2,55.74,0,71,283.75,163.37,NE 
01-03-15,24.7,2,86.1,0,73,264.23,158.19,NNE
01-04-15,22.6,3,87.47,1,78,130.97,84.84,W  
01-05-15,19.4,2.5,97.33,0,71,112.57,71.95,W  
01-06-15,18.9,2.5,119.06,0,64,146.1,92.97,WNW
01-07-15,17.2,2,101.13,0,69,214.53,148.84,W  
01-08-15,17.6,2,101.99,0,69,255.33,175.22,W  
01-09-15,17.5,2,96.71,0,78,294.48,191.48,W  
01-10-15,17.6,2,124.39,0,72,241.24,275.4,NW 
01-11-15,15.6,1.8,120.09,0,77,239.07,206.12,W  
01-12-15,17.1,2,125.21,0,72,238.16,160.5,NW 
01-13-15,18.7,2,116.11,0,73,240.51,168.97,W  
01-14-15,20.3,2,108.1,0,69,254.53,174.87,W  
01-15-15,19.7,2,128.4,0,66,294.13,176.06,WSW
01-16-15,21.3,2,101.63,0,61,316.34,197.54,E  
01-17-15,18.2,2.3,82.2,2,78,196.84,139.81,W  
01-18-15,14.1,2.7,52.92,0,87,176.01,135.94,WNW
01-19-15,14.4,2.3,50.55,0,86,209.41,158.21,W  
01-20-15,15.1,1.5,105.8,0,84,206.22,153.54,N  
01-21-15,16.5,2,108.49,0,84,244.7,172.97,ENE
01-22-15,19.3,1.5,131.79,0,73,218.3,151.21,W  
01-23-15,20.4,1.5,129.02,0,64,223.11,148.07,W  
01-24-15,19.8,2,128.71,0,66,257.68,168.12,WNW
01-25-15,20.5,2,149.71,0,59,204.98,130.01,SSW
01-26-15,20.5,2,150.97,0,55,192.76,121.11,NNW
01-27-15,21,2.5,136.32,0,63,188.39,118.77,W  
01-28-15,21.3,3,142.4,0,63,168.81,108.87,W  
01-29-15,21.1,2.7,130.56,0,62,179.61,100.32,N  
01-30-15,19.1,2,94.74,0,72,159.67,110.27,W  
01-31-15,17.8,2,150.71,0,58,190.98,130.64,WNW
02-01-15,18.1,2.3,153.44,0,57,201.33,138.48,W  
02-02-15,19.7,2,154.22,0,57,213.29,136.02,W  
02-03-15,20.9,0,154.69,0,56,210.1,126.75,CLM
02-04-15,21,2,149.32,0,63,191.6,110.49,W  
02-05-15,22.3,2,124.77,0,57,292.29,176.68,N  
02-06-15,20.2,2.7,129.23,0,55,211.66,126.2,W  
02-07-15,19.4,1.5,140.77,0,65,206.27,133.9,NW 
02-08-15,20.9,2,134.07,0,63,235.28,144.45,NW 
02-09-15,21.8,3.5,128.72,0,62,250.44,164.13,W  
02-10-15,21.3,2.5,126.27,0,63,225.31,128.6,W  
02-11-15,20.2,2,128.17,0,58,225.42,121.09,W  
02-12-15,20.1,2.5,156.15,0,52,248.16,130.05,WNW
02-13-15,20.3,2.5,137.43,0,59,313.99,174.78,W  
02-14-15,21.9,2,134.57,0,56,269.28,154.45,W  
02-15-15,21.5,2,97.86,4,65,192.98,126.25,E  
02-16-15,21.8,2,144.08,0,59,199.49,123.31,NE 
02-17-15,22.4,2,133.71,0,59,262.82,152.45,SW 
02-18-15,23.4,2,123.56,0,67,248.36,143.71,W  
02-19-15,20.5,2,88.75,2,75,121.75,58.4,NE 
02-20-15,23.1,2,133.32,11,74,162.28,100.37,NW 
02-21-15,24.6,2,131.29,0,68,184.68,109.38,S  
02-22-15,24.5,2,126.96,0,73,155.63,91.09,E  
02-23-15,25.8,2,143.06,0,67,159.34,91.29,W  
02-24-15,26.1,2,154.5,0,61,160.38,81.39,S  
02-25-15,25.9,0,107.36,0,75,145.05,75.96,CLM
02-26-15,26.7,2.3,149.44,0,67,131.36,75.89,S  
02-27-15,26.4,2.3,147.01,0,71,102.14,51.67,S  
02-28-15,25.9,2,149.21,0,69,100.34,52.67,S  
03-01-15,27.5,0,128.62,0,67,232.12,131.2,CLM
03-02-15,26.4,6,137.55,0,59,198.48,114.18,NNW
03-03-15,24.8,2.5,166.83,0,59,161.61,84.02,W  
03-04-15,22.3,2.5,80.32,0,77,151.23,100.2,E  
03-05-15,22.5,4,184.32,4,56,115.72,68.01,NW 
03-06-15,21.5,2.5,189.16,0,52,145.42,73.43,W  
03-07-15,22.3,2.5,179.5,0,54,156.49,82.99,WNW
03-08-15,24.5,2,186.47,0,50,190.97,98.94,NNW
03-09-15,25.7,2,184.24,0,48,174.66,87.94,NW 
03-10-15,25.4,2,187.57,0,45,196.47,99.1,N  
03-11-15,24.1,3,193.78,0,41,219.68,96.83,W  
03-12-15,24.1,2,202.64,0,43,179.59,75.07,WNW
03-13-15,24.8,2.5,178.88,0,52,270.99,137.14,NW 
03-14-15,26.9,3,171.3,0,46,285.93,133.01,WNW
03-15-15,28.5,2.6,113.19,0,42,214.03,121.99,NW 
03-16-15,26.8,3,167.65,0,46,151.56,48.01,N  
03-17-15,27.2,2,167.46,0,55,142.62,73.62,W  
03-18-15,26.2,2,141.19,0,56,157.19,168.83,NNW
03-19-15,26.1,4,188.01,0,45,164.04,76.8,NNW
03-20-15,26.6,2,197.82,0,34,141.45,68.33,N  
03-21-15,26.3,2,197.74,0,46,151.36,76.51,W  
03-22-15,26.8,2,190.31,0,46,200.98,105.52,W  
03-23-15,28.5,2,186.77,0,48,186.07,109.42,W  
03-24-15,29.9,2,177.74,0,48,183.5,92.06,SW 
03-25-15,29.6,2.5,170.72,0,49,173.63,91.17,SW 
03-26-15,28,2,168.83,0,55,154.31,71.19,E  
03-27-15,29.1,2,168.75,0,62,112.86,64.66,W  
03-28-15,29.2,2,155.27,0,62,92.35,50.12,SW 
03-29-15,28.4,2,140.29,0,67,88.81,45.7,S  
03-30-15,28.7,2,176.47,0,63,75.43,37.44,NNW
03-31-15,26.7,2,179.78,0,66,87.21,43.11,W  
04-01-15,25.2,2.7,143.29,0,74,104.93,73.67,S  
04-02-15,27.1,2,158.01,58,74,75.15,43.3,S  
04-03-15,27.9,2,181.15,0,74,97.86,48.75,S  
04-04-15,26.9,2.8,157.15,2,76,65.02,30.61,S  
04-05-15,24.9,2.3,110.18,30,75,78.09,40.52,SE 
04-06-15,25.9,0,142.28,21,71,68.05,41.7,CLM
04-07-15,25.8,2,138.55,0,75,89.08,50.66,S  
04-08-15,26.8,2,181.21,17,67,74.89,47.07,SSW
04-09-15,29.1,2,203.19,0,62,78.27,44.28,S  
04-10-15,29.9,2.7,211.01,0,67,74.43,42.14,S  
04-11-15,30.1,2,167.92,0,68,67.71,39.12,S  
04-12-15,28.9,2,159.07,0,62,79.4,41.47,S  
04-13-15,28.2,2,175.85,0,66,91.85,45.82,WNW
04-14-15,29.2,2,136.16,0,62,146.52,79.59,N  
04-15-15,30.8,2.5,191.86,1,49,100.69,56.82,N  
04-16-15,30,2,145.78,0,57,137.03,68.46,W  
04-17-15,29.6,4,125.37,0,63,123.36,71.59,NNW
04-18-15,29.4,4.7,211.37,0,65,98.88,47.92,WSW
04-19-15,26.3,2.7,175.2,15,74,57.89,27.94,E  
04-20-15,29.4,2.7,177.45,0,70,60.89,20.81,SW 
04-21-15,30.1,3.3,162.29,0,69,46.44,13.98,S  
04-22-15,27.8,2.3,149.91,0,71,78.5,25.92,S  
04-23-15,27.4,2.7,185.59,6,69,67.38,27.34,E  
04-24-15,27.4,3,137.22,2,69,72.92,28.16,ESE
04-25-15,23.8,5.5,82.98,0,83,63.92,32.89,NE 
04-26-15,25.9,2,111.84,14,76,130.25,60.83,E  
04-27-15,27.3,2,170.75,0,66,144.87,67.92,W  
04-28-15,28,2.5,211.81,0,65,99.27,45.35,S  
04-29-15,28.9,2,213.75,0,63,62.79,30.68,WSW
04-30-15,28.4,3.5,156.13,0,69,71.69,36.41,SSW
05-01-15,29.1,2,198.27,0,63,86.59,43.79,S  
05-02-15,28.9,2.7,143.14,0,70,79.09,35.7,SE 
05-03-15,30.2,2,192.97,12,64,82.2,37.68,SW 
05-04-15,30.5,2,216.73,0,66,93.25,43.58,S  
05-05-15,31,2,223.58,0,67,94.89,41.33,S  
05-06-15,30.8,2.5,207.17,0,66,104.88,45.36,E  
05-07-15,27.5,2.3,138.15,0,70,105,36.97,E  
05-08-15,25.7,2.8,173.75,8,68,54,27.83,E  
05-09-15,29.8,3.3,155.78,0,71,88.81,44.39,NE 
05-10-15,29.8,2.6,152.34,0,72,73.25,31.17,S  
05-11-15,27,2,90.05,1,79,95.22,55.95,SE 
05-12-15,27.2,3,133.67,27,75,111.17,65.74,ESE
05-13-15,30.7,2,182.77,16,74,105.88,60.16,S  
05-14-15,31.7,2.5,193.6,0,72,61.39,27.99,S  
05-15-15,28.3,2.8,128.34,0,81,44.85,22.62,S  
05-16-15,29.3,2,176.68,46,73,61.14,35.47,S  
05-17-15,29.3,3.5,180.49,1,69,58.17,25.35,E  
05-18-15,29.6,3.5,203.18,0,72,68.29,35.5,N  
05-19-15,30.4,2.5,150.91,0,68,76.64,39.6,S  
05-20-15,31.3,1.5,148.14,0,67,59.08,29.51,W  
05-21-15,31,1.7,206.34,0,71,46.85,21.96,S  
05-22-15,32.1,2,172.22,11,73,77.22,38.04,E  
05-23-15,32,3.7,197.34,0,68,92.18,36.21,S  
05-24-15,28.4,2.5,146.54,12,70,62.61,26.5,S  
05-25-15,30.6,4,159.06,0,70,82.28,37.52,SE 
05-26-15,29.9,3,154,0,71,73.69,32.57,E  
05-27-15,29,2.4,151.51,38,79,65.19,32.85,E  
05-28-15,29.1,2,146.62,4,76,73.27,32.7,S  
05-29-15,29.7,2,153.94,1,78,60.95,35.79,S  
05-30-15,29.5,2,127.78,8,78,82.9,38.75,NE 
05-31-15,31.5,2.5,176.13,0,71,75.22,49.75,S  
06-01-15,31.9,2.8,180.19,0,69,65.68,21.63,S  
06-02-15,30.4,3,130.67,0,71,51.49,20.79,S  
06-03-15,31.8,2,182.19,20,68,44.76,16.61,S  
06-04-15,32.3,3,219.16,0,65,48.85,17.55,S  
06-05-15,31.7,2,201.49,0,68,41.73,15.41,S  
06-06-15,30.8,2.2,175.52,0,74,43.82,17.03,S  
06-07-15,31.4,2.6,159.15,0,70,37.67,11.94,S  
06-08-15,31.6,2.7,198.47,0,69,41.1,13,S  
06-09-15,31.5,3.5,150.14,0,70,50.38,14.29,S  
06-10-15,27.8,3,46.81,1,84,41.01,17.95,E  
06-11-15,26,3,20.11,1,86,55.9,33.31,E  
06-12-15,28.8,3,122.67,63,80,38.41,16.48,S  
06-13-15,26.6,12,85.12,8,87,37.86,20.61,W  
06-14-15,28.2,2.7,123.59,38,80,57.21,30.45,S  
06-15-15,28.4,2,133.78,5,83,39.25,17.82,S  
06-16-15,28.4,2,150.09,8,80,36.65,14.76,S  
06-17-15,29.3,2.7,136.68,20,78,38.04,13.22,S  
06-18-15,29.3,2,113.02,0,76,47.71,18.76,SE 
06-19-15,31,2,187.29,1,69,44.92,17.03,SE 
06-20-15,30.7,2.4,200.38,0,67,40.78,10.3,E  
06-21-15,29.8,3,159.95,0,72,21.2,13.24,E  
06-22-15,27.6,3.2,68.97,3,87,27.62,12.95,E  
06-23-15,28.1,2,93.41,19,85,34.89,19.62,E  
06-24-15,28.2,2,67.69,3,86,45.03,19.59,S  
06-25-15,27,2,55.33,9,91,23.53,14.19,NE 
06-26-15,26.7,2.7,59.72,83,92,21.67,13.3,S  
06-27-15,26.5,2.2,46.07,67,89,34.09,23.05,E  
06-28-15,27.5,2,85.59,26,84,53.12,24.29,E  
06-29-15,29.3,2,179.62,0,74,61.48,27.22,S  
06-30-15,29.5,2,157.55,0,74,45.9,18.38,S  
07-01-15,29.4,2,157.22,0,75,53.1,21.33,E  
07-02-15,29.2,2.5,7.05,4,76,39.3,20.3,E  
07-03-15,29.7,2.3,157.2,0,76,40.97,19.94,S  
07-04-15,30.7,2,173.93,0,75,57.95,26.59,S  
07-05-15,28.9,2,105.81,5,83,76.71,44.85,S  
07-06-15,30.7,2,163.24,1,75,80.63,44.45,E  
07-07-15,29.8,2,112.81,0,78,59.99,27.78,E  
07-08-15,28.4,2.5,110.82,29,83,24.42,13.06,E  
07-09-15,26.6,2.5,34.78,36,90,22.56,14.22,E  
07-10-15,27.1,3,47.34,40,90,47.19,27.4,SE 
07-11-15,30.3,2,147.88,38,77,70.16,33.5,S  
07-12-15,30.2,3,141.02,0,76,56.33,25.65,SW 
07-13-15,31.5,2,150.32,0,75,63.76,29.39,S  
07-14-15,31.1,2.5,132.7,0,77,68.56,33.66,SE 
07-15-15,27.2,0,13.2,13,90,56.64,24.28,CLM
07-16-15,28.2,0,105.08,63,84,39.65,17.05,CLM
07-17-15,27.3,2,97.87,14,87,48.11,15.82,E  
07-18-15,26.8,0,148.4,50,90,43.86,18.9,CLM
07-19-15,26.1,2,103.09,90,92,46.01,23.13,SE 
07-20-15,26.7,2,93.61,33,91,41.67,16.3,E  
07-21-15,28,2,180.47,44,88,26.31,21.18,E  
07-22-15,27.6,2,126.62,4,85,38.05,19.92,E  
07-23-15,29,2.5,183.47,2,79,25.11,13.59,S  
07-24-15,27.3,2,57.76,12,91,28.1,17.61,E  
07-25-15,26.9,2,136.26,72,87,20,10.72,E  
07-26-15,27,3,136.85,1,76,16.84,5,E  
07-27-15,26,3.5,50.48,27,86,19.94,8.51,E  
07-28-15,28,2.7,153.28,19,79,17.07,10.31,E  
07-29-15,31,2.8,165.94,13,67,38.01,16.21,NNE
07-30-15,30,4,143.21,0,66,27.71,8.64,NNE
07-31-15,25.2,4.5,34.85,13,93,17.84,12.89,NNE
08-01-15,26.6,2.6,125.37,74,88,21.51,14.18,E  
08-02-15,27.8,2.6,80,46,84,46.4,27.51,E  
08-03-15,29,2,129.61,21,79,55.82,26.66,E  
08-04-15,29.8,3,149.14,10,77,60.66,25.75,S  
08-05-15,30.5,2,172.02,0,73,54.99,21.86,S  
08-06-15,30.4,0,110.03,0,75,64.78,22.23,CLM
08-07-15,29.4,0,83.33,0,83,61.75,23.14,CLM
08-08-15,30.1,2,119.96,2,75,61.98,17.73,SSE
08-09-15,30.7,0,128.95,0,72,52.95,19.54,CLM
08-10-15,30.7,2,122.05,0,72,58.06,16.08,E  
08-11-15,30.6,2,158.03,0,73,51.34,11.38,S  
08-12-15,30.1,2,124.26,0,74,46.44,18.44,E  
08-13-15,29.5,2,66.81,1,79,51.54,28.91,E  
08-14-15,28.8,2,35.07,6,85,8.5,22.22,SE 
08-15-15,29.7,2.5,65.88,10,76,23.41,30.25,SE 
08-16-15,29.2,4,74.77,0,79,20.05,31,S  
08-17-15,29.4,4.3,126.83,23,79,52.01,24.66,S  
08-18-15,28.9,5.7,136.46,4,84,45,26.01,W  
08-19-15,28.7,2,108.46,7,85,46.8,21.42,S  
08-20-15,27.1,2.5,153.75,38,90,64.9,32.04,S  
08-21-15,27.4,1,149.92,88,89,65.94,38.6,S  
08-22-15,29.2,2,110.34,8,82,68.87,22.76,S  
08-23-15,28.9,2,124.02,0,82,33.88,14.82,S  
08-24-15,29.7,2,144.65,7,79,36.14,13.54,S  
08-25-15,30.1,2,113.9,0,77,38.38,19.41,S  
08-26-15,29.9,3,76.46,0,74,41.3,24.61,SE 
08-27-15,29.5,2.3,59.41,0,73,41.37,47.06,SSE
08-28-15,29,6.5,109.18,2,79,23.43,26.73,S  
08-29-15,29,2,196,7,81,43.5,50.08,S  
08-30-15,29.1,2,0,3,84,0,0,SW 
08-31-15,28,2,0,38,89,0,0,SW 
09-01-15,27,2,0,25,89,0,0,SE 
09-02-15,26.7,0,150.78,64,90,20.56,20.64,CLM
09-03-15,27.7,2.5,150.69,36,80,29.16,12.87,SE 
09-04-15,27.5,0,164.2,5,82,32.67,16.78,CLM
09-05-15,27.9,3,155.74,0,85,22.3,21.06,N  
09-06-15,29.3,3,167.74,5,81,24.97,19.62,SW 
09-07-15,28.9,2.3,131.53,5,77,0,18.17,SE 
09-08-15,30,0,154.72,10,79,25.81,20.04,CLM
09-09-15,30.5,0,147.43,0,79,25,24.81,CLM
09-10-15,29.9,0,172.84,2,81,31.24,18.18,CLM
09-11-15,29.3,0,157.89,4,81,24.98,19.81,CLM
09-12-15,30.6,0,126.36,9,70,26.29,24.4,CLM
09-13-15,29.5,2,132.54,0,83,19.13,20.06,E  
09-14-15,30.1,2,157.44,24,70,66.55,16.78,SE 
09-15-15,30,2.5,145.14,0,70,24.73,24.51,SE 
09-16-15,30.4,2.3,87.41,0,72,68.96,27,SE 
09-17-15,30.5,0,102.01,0,77,51.09,40.54,CLM
09-18-15,30.8,2,88.32,0,74,26.92,35.06,WNW
09-19-15,27.5,5,94.42,0,86,36.27,15.28,SE 
09-20-15,26.4,4,51.4,18,90,14.16,19.89,SE 
09-21-15,27.9,3.3,61.58,60,86,28.36,33.77,SE 
09-22-15,27.7,2,57.94,16,87,16.15,19.47,S  
09-23-15,26.9,2,88.45,17,90,15.97,29.4,S  
09-24-15,28.3,2,90.5,46,85,18.5,35.35,S  
09-25-15,29,2,130.86,0,72,0,35.52,SSW
09-26-15,29,0,130.97,0,67,38.22,39.8,CLM
09-27-15,29.1,0,188.65,0,66,0,45.11,CLM
09-28-15,29.7,2,181.15,0,68,0,56.11,W  
09-29-15,30.4,0,138.29,0,69,0,88.12,CLM
09-30-15,31.2,2,98.16,0,68,56.96,73.39,W  
10-01-15,31,3,149.18,0,68,0,66.76,W  
10-02-15,30.8,1.8,113.5,0,68,0,73.89,W  
10-03-15,28.9,0,111.76,0,79,0,57.41,CLM
10-04-15,30.1,3,128.86,2,70,0,53.96,NNW
10-05-15,29.5,3,158.9,0,77,42.46,46.49,E  
10-06-15,29.4,0,158.92,10,76,36.38,44.36,CLM
10-07-15,29,2,133.49,0,76,31.26,36.29,NW 
10-08-15,26.2,2,99.31,9,87,31.82,43.15,SE 
10-09-15,28.7,0,107.89,1,77,35.69,50.43,CLM
10-10-15,28.2,3,150.27,0,74,31.36,45.27,SE 
10-11-15,27.9,2,79.93,2,76,14.34,17.87,E  
10-12-15,25.9,4,115.74,0,82,13.3,18.34,E  
10-13-15,25.5,2,74.61,18,87,33.97,22.33,S  
10-14-15,26.4,2.7,125.32,9,77,55.59,28.11,SE 
10-15-15,26.5,1.5,78.84,0,80,80.59,49.47,S  
10-16-15,27.9,0,155.7,0,72,77.05,44.16,CLM
10-17-15,27.7,2,120.49,0,75,102.3,66.35,WNW
10-18-15,28.3,2,164.63,0,68,86.43,48.24,NNW
10-19-15,28.3,0,155.03,0,68,86.51,43.49,CLM
10-20-15,27.9,3,134.22,0,71,100.86,57.08,NNW
10-21-15,27.6,2,80.02,0,75,143.8,87.25,NE 
10-22-15,27.8,0,83.96,0,75,181.36,108.32,CLM
10-23-15,27.4,2,113.83,0,76,42.88,100.54,NNW
10-24-15,26.8,2,139.53,0,70,52.2,90.13,NE 
10-25-15,26.3,2,148.23,0,64,44.12,94.43,NW 
10-26-15,26.6,2,140.41,0,63,141.44,88.18,NW 
10-27-15,26,0,133.92,0,64,141.86,87.28,CLM
10-28-15,25.9,0,98.94,0,68,114.04,66.55,CLM
10-29-15,26.3,2,112.84,0,68,97.56,56.29,NNE
10-30-15,27.2,2,89.03,0,68,80.97,47.57,S  
10-31-15,25.8,2,25.69,0,73,57.94,68.25,S  
11-01-15,24.8,2,78.69,0,77,49.92,94.79,ENE
11-02-15,25.8,3,106.51,0,73,44.89,18.15,NE 
11-03-15,26.4,2,101.77,0,74,78.78,40.48,NE 
11-04-15,26.8,2,121.39,0,70,114.35,66.55,W  
11-05-15,26.1,2,88.1,0,75,102.36,62.43,NW 
11-06-15,26.3,0,121.42,0,70,157.97,97.74,CLM
11-07-15,25.2,0,119.28,0,72,149.38,92.61,CLM
11-08-15,25.2,3,133.21,0,61,139.48,82.05,N  
11-09-15,24.3,2,109.24,0,64,155.06,90.87,NNW
11-10-15,24.8,2,132.52,0,66,138.73,80.84,W  
11-11-15,24.8,2,122.6,0,66,159.56,95.33,W  
11-12-15,24.8,0,118.64,0,68,153.34,85.17,CLM
11-13-15,24.3,3,125.96,0,67,137.13,73.8,NNW
11-14-15,24.9,3,119.78,0,67,246.22,131.92,NNW
11-15-15,24.5,0,64.96,0,73,110.79,143.63,CLM
11-16-15,24.9,0,87.2,0,74,104.15,132.1,CLM
11-17-15,24.7,0,55.53,0,77,114.65,143.1,CLM
11-18-15,24.3,0,53.46,0,80,149.93,122.9,CLM
11-19-15,23.7,2,116.52,0,77,83.65,111.69,NE 
11-20-15,24.3,3,147.86,0,67,84.06,108.27,N  
11-21-15,24.4,2,149.22,0,63,162.35,134.28,N  
11-22-15,24.1,0,139.67,0,64,232.5,169.96,CLM
11-23-15,23.4,3,139.13,0,66,160.54,209.51,N  
11-24-15,23.3,2,125.24,0,64,181.03,86.33,W  
11-25-15,22.9,0,91.93,0,67,192.58,105.58,CLM
11-26-15,22.5,2,93.62,0,69,142.62,82.99,W  
11-27-15,22.2,0,78.15,0,71,202.9,119.13,CLM
11-28-15,22.9,0,105.37,0,73,199.14,138.19,CLM
11-29-15,23.3,0,6.7,0,69,170.42,121.14,CLM
11-30-15,24,2,84.53,0,66,138.92,186.59,N  
12-01-15,24.6,2,75.1,0,68,141.23,193.02,W  
12-02-15,24.1,0,14.34,0,73,175.35,115.92,CLM
12-03-15,24.4,2,71.1,0,72,165.57,120.74,W  
12-04-15,22.8,0,109.6,0,80,133.55,83.45,CLM
12-05-15,22.6,2.5,78.63,0,68,225.37,148.29,N  
12-06-15,23,2,41.78,0,70,281.88,185.36,N  
12-07-15,22.1,0,63.56,0,76,241.24,164.64,CLM
12-08-15,21.7,0,100.61,0,78,182.82,114.78,CLM
12-09-15,22,0,94.04,0,67,241.91,156.3,CLM
12-10-15,21.9,2,64.99,0,70,244.82,171.54,W  
12-11-15,22.2,2,70.66,0,80,196.26,156.09,NW 
12-12-15,23.8,2,77.26,0,79,202.67,156.67,WSW
12-13-15,23.1,2.5,57.42,0,75,262.22,146.39,NW 
12-14-15,20.8,2,81.42,0,77,250.76,186.1,NE 
12-15-15,19.6,2.5,101.75,0,63,218.82,155.71,N  
12-16-15,18.6,2,96.57,0,55,275.05,205.23,W  
12-17-15,18.2,0,91.68,0,61,289.16,225.2,CLM
12-18-15,17.5,2,100.59,0,75,267.45,200.37,W  
12-19-15,17.9,2,99.29,1,71,291.08,222.53,NE 
12-20-15,17.4,2,101.36,0,67,277.52,201.51,W  
12-21-15,17.5,2,117.26,0,67,220.25,153.45,N  
12-22-15,18.4,0,108.05,0,64,233.14,163.26,CLM
12-23-15,18.3,0,104.89,0,61,213.25,148.86,CLM
12-24-15,19.1,3,93.06,0,59,204.56,136.11,NE 
12-25-15,18.3,2.3,62.85,0,55,181.6,126.48,NE 
12-26-15,18.4,2.3,116.63,0,55,203.59,149.65,NW 
12-27-15,18.8,2,109.97,0,59,210.06,150.05,W  
12-28-15,18.7,2,99.37,0,64,230.6,164.65,WSW
12-29-15,19.1,0,86.85,0,69,276.35,204.08,CLM
12-30-15,19.2,0,80.85,0,74,344.4,242.94,CLM
12-31-15,19.7,0,90.48,0,73,250.58,178.52,CLM
01-01-16,19.8,2,90.91,0,73,330.32,244.79,N  
01-02-16,20.1,5,110.41,0,70,232.89,170.49,NNW
01-03-16,19.7,2,95.8,0,70,229.38,165.93,NNW
01-04-16,20.8,2,101.21,0,64,214.77,155.36,NNW
01-05-16,20.3,2,94.58,0,63,216.76,157.51,W  
01-06-16,20.1,2,91.96,0,64,229.26,166.99,W  
01-07-16,19.9,2,99.2,0,68,194.19,137.14,NNW
01-08-16,20.4,2,74.61,0,71,304.25,184.86,NW 
01-09-16,20.5,2,94.5,0,85,213.1,163.51,S  
01-10-16,19.3,2,82.66,0,78,301.99,235.18,N  
01-11-16,19.1,2,114.49,0,56,202.37,113.04,WNW
01-12-16,18.6,5,105.4,0,64,197.47,131.83,NNW
01-13-16,18.5,2,84.79,0,71,240.51,164.56,NW 
01-14-16,19,0,94.77,0,70,254.53,150.92,CLM
01-15-16,19.1,2,96.4,0,70,294.13,250.48,W  
01-16-16,19.7,2,102.78,0,66,316.34,175.62,NW 
01-17-16,19.5,2,118.77,0,59,196.84,168.15,NNW
01-18-16,19.8,2,109.7,0,61,176.01,162.64,NW 
01-19-16,20,2,81.62,0,70,209.41,167.32,NW 
01-20-16,18.3,2.3,61.96,0,78,206.22,122.16,N  
01-21-16,18.2,2.7,73.57,3,78,244.7,109.16,WNW
01-22-16,16.2,5.8,96.12,0,78,218.3,145.95,W  
01-23-16,16.1,5,88.1,0,74,223.11,146.8,NW 
01-24-16,16.1,2,130.61,0,68,257.68,164.02,NNW
01-25-16,16.1,2,150.37,0,62,204.98,155.11,W  
01-26-16,15.6,2,124.75,0,65,192.76,166.46,W  
01-27-16,18.4,0,110.27,0,58,188.39,177.47,CLM
01-28-16,19.2,2,96.45,0,64,168.81,171.94,E  
01-29-16,19.2,2,96.69,0,66,179.61,179.71,SW 
01-30-16,18.9,3,94.62,0,69,159.67,182.57,NW 
01-31-16,20.8,2,85.79,0,82,190.98,215.24,S  
02-01-16,21.3,2,113.1,0,76,201.33,111.51,NW 
02-02-16,21.4,3,115.63,0,74,213.29,132.3,WSW
02-03-16,22.1,2.5,103.7,0,60,210.1,161.26,W  
02-04-16,21.1,2.3,117.83,0,49,191.6,115.97,N  
02-05-16,19.9,5,134.59,0,54,292.29,143.09,NNW
02-06-16,19.9,2,131.2,0,56,211.66,174.54,W  
02-07-16,21.2,0,114.71,0,60,206.27,207.37,CLM
02-08-16,22.4,2,104.04,0,62,235.28,203.15,SW 
02-09-16,23.4,2,94.62,1,71,250.44,118.68,SW 
02-10-16,22,2,98.89,0,72,225.31,129.8,W  
02-11-16,23.1,2,107.83,0,74,225.42,128.78,WSW
02-12-16,23.9,2,90.12,4,77,248.16,84.33,W  
02-13-16,22.8,2,138.79,0,62,313.99,96.12,N  
02-14-16,23.7,0,87.41,0,66,269.28,138.96,CLM
02-15-16,24.9,2,107.39,0,71,192.98,171.89,W  
02-16-16,24.9,2,105.16,0,64,199.49,182.21,N  
02-17-16,24.7,2,115.32,0,60,262.82,165.5,NW 
02-18-16,26.2,2.3,132.32,0,53,248.36,173.73,W  
02-19-16,27.3,3,147.72,0,59,121.75,87.08,WSW
02-20-16,28,2.3,138.25,0,64,162.28,86.86,S  
02-21-16,28,2,126.42,0,66,184.68,69.46,W  
02-22-16,25.9,3,143.52,0,50,155.63,74.65,W  
02-23-16,26.2,2.3,118.83,0,63,159.34,87.45,WSW
02-24-16,23.5,4.3,63.52,0,78,160.38,82.64,S  
02-25-16,24.9,2,147.93,8,66,145.05,52.58,S  
02-26-16,26.2,2,134.95,0,57,131.36,73.41,NE 
02-27-16,25.9,2,128.66,0,60,102.14,102.4,W  
02-28-16,25.9,0,101.33,0,60,100.34,104,CLM
02-29-16,26.2,2,125.05,0,56,232.12,127.97,WNW
01-03-16,25.6,2,95.4,0,60,198.48,121.28,W  
02-03-16,25.8,2,118.41,0,59,161.61,76.97,SW 
03-03-16,27.4,3,126.87,0,57,151.23,83.37,WNW
04-03-16,27.3,2,152.67,0,63,115.72,55.92,S  
05-03-16,27.3,2,118.94,0,68,145.42,65.3,NNW
06-03-16,26.3,2,92.77,0,65,156.49,84.68,S  
07-03-16,26.1,5,156.5,17,62,190.97,100.56,SW 
08-03-16,27.3,2,136.12,0,53,174.66,79.29,W  
09-03-16,28.8,2,148.29,0,58,196.47,82.8,S  
10-03-16,29,2,131.58,0,60,219.68,69.66,S  
11-03-16,28.9,2.8,141.15,0,60,179.59,71.11,W  
12-03-16,29,2.5,117.4,0,55,270.99,94.59,W  
13-03-16,26.9,4,95,0,55,285.93,99.67,W  
14-03-16,26.2,2,110.28,0,50,214.03,99.83,W  
15-03-16,27.8,0,149.44,0,50,151.56,71.62,CLM
16-03-16,27.4,3,134.32,0,55,142.62,111.17,W  
17-03-16,26.7,2,173.67,2,41,157.19,117.16,E  
18-03-16,27.8,2,166.78,0,48,164.04,76.8,W  
19-03-16,26.2,2,77.12,19,71,141.45,55.23,S  
20-03-16,27.2,2.5,65.94,0,76,151.36,82.42,SE 
21-03-16,28.8,4,135.46,0,66,200.98,99.49,W  
22-03-16,29.4,2.8,168.03,0,55,186.07,101.81,S  
23-03-16,28.5,3,169.33,0,40,183.5,80.15,W  
24-03-16,27.7,3,140.72,0,49,173.63,64.78,NW 
25-03-16,28.4,5,155.04,0,50,154.31,68.41,NNW
26-03-16,29.7,3,134.42,0,52,112.86,61.91,SSW
27-03-16,28.9,2,126.66,0,67,92.35,47.82,E  
28-03-16,24.5,2,45.07,0,80,88.81,40.13,S  
29-03-16,25.9,3,106.67,1,71,75.43,31.24,S  
30-03-16,27,2,31.44,13,71,87.21,37.24,SW 
31-03-16,23.5,2,153.64,3,80,104.93,51.01,ENE
01-04-16,22.3,2,93.57,28,78,75.15,36.88,S  
02-04-16,25,0,57.97,0,84,97.86,37.91,CLM
03-04-16,27.4,2,80.49,2,84,65.02,31.22,SE 
04-04-16,28.9,5,100.69,9,82,78.09,37.66,SSW
05-04-16,28.6,3,51.22,16,83,68.05,53.3,S  
06-04-16,30.2,3.8,164.37,0,78,89.08,43.9,S  
07-04-16,30.2,2.8,186.09,0,76,74.89,44.67,SE 
08-04-16,30.6,3,184.08,0,74,78.27,43.92,SSE
09-04-16,30.4,2,69.46,0,75,74.43,46.91,S  
10-04-16,30.9,3,198.05,0,71,67.71,31.97,S  
11-04-16,31,2.5,184.59,0,76,79.4,40.67,S  
12-04-16,31.5,2.5,143.58,0,70,117.4,47.02,S  
13-04-16,31.3,2.8,159.82,0,66,157.89,46.49,S  
14-04-16,31.1,2.2,191.86,0,68,103.79,43.21,S  
15-04-16,30.9,2.5,136.33,0,72,101.42,37.98,SSE
16-04-16,30.9,2.3,127.97,0,71,123.29,33.9,S  
17-04-16,30.9,3.3,145.05,0,75,90.6,30.71,SE 
18-04-16,30.4,3,90.49,0,71,61.56,30.41,S  
19-04-16,31.3,3.4,80.88,0,69,63.69,25.79,S  
20-04-16,30.8,4.7,168.87,0,68,58.29,38.68,S  
21-04-16,30.9,4.4,109.33,0,70,70.22,31.88,S  
22-04-16,31.4,3.8,170.68,0,69,72.78,39.52,S  
23-04-16,31.7,4,172.8,0,68,66.49,39.23,S  
24-04-16,32.5,2.3,147.6,0,64,74.88,36.51,S  
25-04-16,31.9,2.8,213.69,0,68,108.68,38.37,S  
26-04-16,31.8,2.7,176.51,0,66,120.75,31.42,S  
27-04-16,31.4,2.5,162.51,0,71,95.91,29.33,S  
28-04-16,31.6,2.6,183.75,0,69,75.77,33.42,S  
29-04-16,32.1,2.3,182.97,0,69,72.2,44.29,S  
30-04-16,32.1,2.4,182.25,0,67,79.02,32.53,S  
01-05-16,29.5,3,173.36,0,68,79.09,36.54,S  
02-05-16,26.4,4.3,131.38,10,69,85.4,42.1,ENE
03-05-16,28.7,2.3,113.26,0,71,90.9,59.21,E  
04-05-16,28.5,4.7,168.26,0,64,86.66,37.85,ENE
05-05-16,28.7,2,161.95,0,67,88.94,71.45,SE 
06-05-16,28.3,3,135.62,0,66,86.07,59.75,SSE
07-05-16,26.3,5,83.42,0,78,57.05,58.62,S  
08-05-16,28.8,3,188.35,11,66,80.29,46.37,SW 
09-05-16,29.2,0,168.65,0,72,91.6,51.65,CLM
10-05-16,30.7,2,113.99,2,65,76.86,85.34,ENE
11-05-16,31.2,2,172.52,0,63,100.89,61.38,W  
12-05-16,28.4,4,159.82,0,72,100.92,62.69,E  
13-05-16,25.2,2.3,98.44,17,83,67.62,49.12,ENE
14-05-16,28.8,3.5,186.66,29,78,53.46,48.2,S  
15-05-16,30.5,2.5,73.88,2,74,65.37,34.65,SE 
16-05-16,31.3,3.7,6.71,0,71,70.18,14.32,S  
17-05-16,31.2,4.3,173.22,0,71,59.31,18.49,S  
18-05-16,28.7,2,136.34,0,77,77.05,29.62,E  
19-05-16,27.3,5.5,120.86,22,80,65.59,22.54,NE 
20-05-16,25.8,2,60.26,1,89,67.42,24.31,NE 
21-05-16,24.7,8,51.64,21,90,77.48,12.71,NE 
22-05-16,29,0,152.13,52,78,86.16,48.39,CLM
23-05-16,30.6,2.5,195.66,0,73,70.15,39.21,E  
24-05-16,27.8,0,134.05,0,83,74.2,40.52,CLM
25-05-16,27,2.5,185.79,5,81,73.7,46.72,N  
26-05-16,28.6,3.5,208.69,19,75,69.58,46.28,S  
27-05-16,28.7,2,161.13,3,75,73.27,50.45,WNW
28-05-16,26.6,2,81.79,4,85,68.62,46.71,ENE
29-05-16,28.5,0,148.74,14,78,56.92,60.3,CLM
30-05-16,30.1,3,6.64,0,68,75.22,71.23,S  
31-05-16,28.6,2,110.53,0,79,65.68,25.91,S  
01-06-16,29.5,2,122.66,3,75,51.49,57.25,W  
02-06-16,31.3,2,225.11,0,65,44.76,49.69,W  
03-06-16,31.5,3,167.3,0,68,56.83,32,S  
04-06-16,31.5,3,177.68,0,69,55.41,35.57,S  
05-06-16,30.1,2,112.91,0,73,64.55,37.04,S  
06-06-16,29.3,2.5,133.39,0,81,37.67,28.75,S  
07-06-16,27.3,2,162.95,46,87,41.1,28.22,ENE
08-06-16,29.7,2.5,115.91,20,76,50.38,42.52,S  
09-06-16,28.5,2,109.68,0,82,41.01,24.99,ENE
10-06-16,30.9,2.5,59.93,27,71,55.9,26.78,W  
11-06-16,27.2,0,33.44,0,84,38.41,35.65,CLM
12-06-16,26.5,2,69.28,75,86,37.86,33.98,E  
13-06-16,27.7,2,112.72,12,81,57.21,34.84,ENE
14-06-16,28.6,2,105.33,0,84,39.25,39.05,W  
15-06-16,29.6,0,84.34,3,81,36.65,40.78,CLM
16-06-16,30.5,3,161.78,12,74,38.04,30.64,SSE
17-06-16,29.9,2,158.13,0,76,47.71,25.29,S  
18-06-16,29.3,3.3,156.5,4,77,44.92,22.93,SE 
19-06-16,30.2,3.5,208.98,2,75,40.78,17.79,S  
20-06-16,30.7,2,221.86,0,71,0,12.93,S  
21-06-16,30.1,2,185.99,0,76,0,12.88,S  
22-06-16,29.9,2,127.47,2,77,34.89,14.3,S  
23-06-16,30,2,100.23,1,79,45.03,12.71,WSW
24-06-16,30.9,3,178.49,0,72,23.53,14.19,SE 
25-06-16,31.5,2,209.27,0,69,21.67,13.3,SW 
26-06-16,31,2,141.6,3,74,34.09,34.84,SW 
27-06-16,31.2,2,197.02,2,69,53.12,17.85,S  
28-06-16,31.4,2.5,142.13,0,69,61.48,19.83,SE 
29-06-16,31.3,2,131.61,0,72,45.9,24.51,S  
30-06-16,30.9,2,175.4,0,74,53.1,13.8,E  
01-07-16,30,2.5,123.89,2,78,39.3,24.8,S  
02-07-16,29,2.3,112.94,5,85,40.97,20.3,S  
03-07-16,28.1,3,71,36,90,57.95,20.36,SE 
04-07-16,28,2,89.09,58,88,76.71,10.91,S  
05-07-16,27,2,42.96,14,92,80.63,9.21,SSW
06-07-16,27.3,0,47.38,51,91,59.99,17.58,CLM
07-07-16,30.2,2.5,185.3,30,79,24.42,18.69,SSE
08-07-16,30.5,3,175.47,0,74,22.56,9.45,SSE
09-07-16,29.8,2.8,164.32,0,78,47.19,12.88,E  
10-07-16,29.4,2.6,120.01,0,78,70.16,17.22,SE 
11-07-16,30,2.2,167.32,1,75,56.33,16.57,SE 
12-07-16,29.9,3.3,154.74,10,77,63.76,12.77,SSE
13-07-16,29.6,2,116.42,0,84,68.56,19.07,S  
14-07-16,30.3,2,186.43,21,77,56.64,15.73,S  
15-07-16,29,2,108.74,0,83,44.16,18.63,S  
16-07-16,27,2.5,41.6,22,91,44.2,12.47,S  
17-07-16,28.4,2.8,121.03,9,84,42.97,16.42,S  
18-07-16,28,2,61.67,13,89,40.33,24.1,S  
19-07-16,28.1,2,56.3,8,88,36.66,20.94,S  
20-07-16,29.2,2.3,99.03,1,85,52.62,23.87,S  
21-07-16,28.9,2,81.28,1,83,30.63,13.82,SSW
22-07-16,27.5,2,85.37,3,87,27.41,10.67,S  
23-07-16,27.8,2.5,82.63,35,86,25.74,10.75,S  
24-07-16,28.7,2.3,150.15,11,81,24.55,9.5,S  
25-07-16,27.9,2.5,112.17,3,82,35.57,8.25,S  
26-07-16,27.8,3,118.58,16,80,44.05,12.16,S  
27-07-16,29.6,2.5,183.38,1,76,37.05,14.09,SW 
28-07-16,29.7,2,138.78,0,78,38.01,19.86,SW 
29-07-16,29,0,66.93,0,85,44.86,40.02,CLM
30-07-16,28.9,2,86.35,0,83,39.6,39.68,S  
31-07-16,29.7,0,199.59,54,76,34.66,22.73,CLM
01-08-16,29.5,2.7,75.07,1,79,49.33,31.34,E  
02-08-16,29.7,3,116.52,10,76,63.76,34.84,E  
03-08-16,30.7,2.3,149.14,4,70,60.66,25.75,SE 
04-08-16,31.1,3,172.02,0,68,54.99,21.86,E  
05-08-16,29.8,3.3,99.35,0,74,53.96,23.06,E  
06-08-16,29,2.5,116.77,1,77,50.8,19.87,SE 
07-08-16,29.2,2.7,142.27,0,79,56.16,18.67,SE 
08-08-16,29.5,2,133.07,0,77,47.94,19.95,E  
09-08-16,27.9,2.4,116.83,1,81,51.71,18.3,E  
10-08-16,26.9,4,93.46,5,90,53.18,21.55,E  
11-08-16,28.6,2,76.01,21,84,41.66,20.92,SE 
12-08-16,30.3,2,73.64,3,77,43.43,24.71,SE 
13-08-16,29.6,0,51.06,0,82,0,29.58,CLM
14-08-16,29.8,0,78.69,11,83,0,31.49,CLM
15-08-16,30.6,2,72.11,2,76,0,31.58,S  
16-08-16,29.5,2.3,104.7,1,79,66.18,32.47,E  
17-08-16,29.2,3.5,93.29,26,75,56.62,25.14,E  
18-08-16,29.8,2,122.14,0,77,54.16,22.81,SE 
19-08-16,30.7,2.5,132.1,12,73,62.81,31.51,SE 
20-08-16,30.6,2.5,112.73,0,78,70.29,36.64,S  
21-08-16,26.8,4.3,118.97,2,87,91.41,34.28,SE 
22-08-16,28.6,2.5,112.13,17,73,42.03,21.26,S  
23-08-16,29.4,0,121.33,0,76,43.98,17.51,CLM
24-08-16,31.1,2,93.58,0,74,43.65,20.94,WNW
25-08-16,31,0,73.21,0,76,23,25.27,CLM
26-08-16,29.7,1,140.6,33,81,0,47.06,SE 
27-08-16,30.8,2,112.33,0,75,0,22.17,SW 
28-08-16,28.3,2,173.05,11,86,0,39.21,E  
29-08-16,30.1,0,186.87,10,77,0,10.24,CLM
30-08-16,31.2,2,0,0,73,0,0,S  
31-08-16,30,2,130.27,0,77,0,7.66,S  
01-09-16,29.1,2,127.79,0,83,0,16.62,S  
02-09-16,29.7,2,150.69,2,83,0,12.87,S  
03-09-16,29.1,0,164.2,1,83,0,16.78,CLM
04-09-16,29.3,2,155.74,5,81,0,21.06,S  
05-09-16,28.3,3,167.74,11,85,0,19.62,S  
06-09-16,28.8,2.3,131.53,4,84,0,18.17,S  
07-09-16,29.2,2,154.72,5,80,0,20.04,S  
08-09-16,29.8,3,147.43,0,77,0,24.81,SSE
09-09-16,30.4,2.3,114.41,0,72,15,23.16,S  
10-09-16,30.2,2,92.48,0,75,0,32.77,S  
11-09-16,28.9,2,126.92,0,81,0,37.89,E  
12-09-16,28.4,0,108.2,3,87,0,26.42,CLM
13-09-16,26.7,0,134.95,26,94,93,26.44,CLM
14-09-16,28.6,2.3,123.64,12,83,0,35.42,E  
15-09-16,30,2,119.63,0,77,83.02,45.53,S  
16-09-16,30.2,0,89.79,0,76,35,39.06,CLM
17-09-16,29.6,2,132.76,0,79,0,30.95,S  
18-09-16,29.6,2,76.13,12,80,39,17.34,S  
19-09-16,27.9,0,63.49,0,89,0,26.94,CLM
20-09-16,27.7,2,97.93,2,88,0,33.45,E  
21-09-16,28.3,0,120.53,0,90,0,20.47,CLM
22-09-16,28.1,2,123.03,4,85,0,28.39,SW 
23-09-16,29.4,2,101.52,0,76,0,34.18,S  
24-09-16,27.8,2,99.55,0,88,0,45.22,SE 
25-09-16,29.7,2,106.69,27,77,0,52.8,S  
26-09-16,27.7,2,126.97,1,88,0,56.91,SE 
27-09-16,30.1,0,141.16,20,79,0,45.17,CLM
28-09-16,28.3,0,94.34,0,88,0,51.61,CLM
29-09-16,29.7,2,52.23,1,80,0,43.74,E  
30-09-16,30.2,2,149.18,2,76,0,66.76,E  
01-10-16,29.2,2,114.39,0,81,0,52.98,SW 
02-10-16,29.2,2,121.2,0,83,0,43.71,SW 
03-10-16,30.1,2,118.53,0,78,0,47.29,W  
04-10-16,31.1,2,145.47,0,73,0,45.67,NW 
05-10-16,28.9,0,116.46,0,78,0,49.44,CLM
06-10-16,27.6,2,109.42,0,90,0,28.83,SW 
07-10-16,28.3,2,99.47,5,85,0,31.94,E  
08-10-16,28.9,2,82.45,0,82,0,37.31,S  
09-10-16,28.8,2,153.36,0,81,0,38.92,S  
10-10-16,28.9,2,107.41,0,78,0,22.34,S  
11-10-16,26.7,2.3,297.15,0,83,0,25.2,S  
12-10-16,27.2,2,74.61,1,84,33.97,22.33,W  
13-10-16,27.8,2,125.32,3,81,55.59,28.11,S  
14-10-16,28.6,2.3,93.65,3,69,80.59,69.86,NE 
15-10-16,29.1,2,144,0,65,77.05,68.04,NNW
16-10-16,29.7,4,133.84,0,61,102.3,77.26,NNW
17-10-16,30.2,2,144.27,0,69,86.43,55.17,NW 
18-10-16,29.5,0,113.8,0,73,86.51,32.97,CLM
19-10-16,30.4,2,73.22,0,69,100.86,41.18,NNW
20-10-16,29.9,2,46.05,0,61,143.8,51.71,W  
21-10-16,29.4,2,105.11,0,61,181.36,64.96,NW 
22-10-16,28.5,2,131.1,0,63,0,70.03,N  
23-10-16,28.4,5,133.65,0,57,0,71.17,NNW
24-10-16,28.1,2,112.3,0,64,0,87.27,W  
25-10-16,28.8,2,146.61,0,66,141.44,82.07,W  
26-10-16,28.9,2,142.11,0,65,141.86,86.77,W  
27-10-16,25.8,2,58.05,0,87,114.04,91.64,NW 
28-10-16,26.6,2,119.02,46,86,97.56,62.07,E  
29-10-16,26.9,2,61.31,7,82,80.97,54.59,NE 
30-10-16,27.5,0,84.39,10,81,57.94,55.33,CLM
31-10-16,28.2,2,109.04,1,82,49.92,74.07,E  
01-11-16,29.1,2,127.79,0,74,44.89,39.66,E  
02-11-16,29.5,2,131.31,0,70,78.78,51.28,ENE
03-11-16,29.1,0,156.23,0,70,114.35,58.89,CLM
04-11-16,25.1,0,149.1,1,88,102.36,54.5,CLM
05-11-16,22.5,2.5,137.67,3,93,157.97,77.34,E  
06-11-16,22.8,3,165.94,21,87,149.38,73.61,NE 
07-11-16,23.7,2,163.01,0,83,139.48,67.46,W  
08-11-16,24.5,0,102.5,0,79,155.06,91.82,CLM
09-11-16,24.8,0,139.2,0,75,138.73,76.85,CLM
10-11-16,24.5,2,130.23,0,73,159.56,78.5,W  
11-11-16,24.1,0,131.11,0,73,153.34,72.6,CLM
12-11-16,24.2,2,148.51,0,74,137.13,63.15,NE 
13-11-16,24.9,0,119.78,0,74,246.22,131.92,CLM
14-11-16,24.6,2,64.96,0,63,0,143.63,NE 
15-11-16,24.6,3,87.2,0,61,0,132.1,N  
16-11-16,24.9,2,55.53,0,63,0,143.1,NNW
17-11-16,24.1,2,53.46,0,59,103,122.9,NW 
18-11-16,23.3,2,116.52,0,68,0,111.69,N  
19-11-16,23,2,147.86,0,69,0,108.27,NNW
20-11-16,23,0,149.22,0,73,127,134.28,CLM
21-11-16,23,0,139.67,0,69,217,169.96,CLM
22-11-16,22.6,2,139.13,0,70,0,209.51,NW 
23-11-16,22.8,2,125.24,0,73,181.03,86.33,W  
24-11-16,23,2,91.93,0,72,192.58,105.58,E  
25-11-16,22.8,2,93.62,0,71,142.62,82.99,NNW
26-11-16,22.6,2,78.15,0,74,202.9,119.13,NW 
27-11-16,22.4,0,105.37,0,72,199.14,138.19,CLM
28-11-16,23.1,0,6.7,0,72,170.42,121.14,CLM
29-11-16,23.1,2,84.53,0,74,0,186.59,NE 
30-11-16,22.9,2,75.1,0,74,0,193.02,E  
01-12-16,23.3,2,14.34,0,76,175.35,115.92,N  
02-12-16,23.5,2,71.1,0,75,165.57,120.74,N  
03-12-16,23.8,2,109.6,0,67,133.55,83.45,NNE
04-12-16,24.1,2,78.63,0,66,225.37,148.29,NNW
05-12-16,22.8,2,41.78,0,76,281.88,185.36,NNW
06-12-16,22.8,2,63.56,0,71,241.24,164.64,NNW
07-12-16,22.1,2,100.61,0,70,182.82,114.78,N  
08-12-16,22,2,94.04,0,65,241.91,156.3,N  
09-12-16,21.8,2,64.99,0,71,244.82,171.54,NNW
10-12-16,21.3,2,70.66,0,70,196.26,156.09,NNW
11-12-16,21.7,2,77.26,0,65,202.67,156.67,NW 
12-12-16,21.5,2,57.42,0,62,262.22,146.39,NE 
13-12-16,20.3,2,81.42,0,69,250.76,186.1,NNW
14-12-16,19.8,2,101.75,0,74,218.82,155.71,W  
15-12-16,20.3,2,96.57,0,73,275.05,205.23,NW 
16-12-16,20.1,0,91.68,0,73,289.16,225.2,CLM
17-12-16,21,2,100.59,0,72,267.45,200.37,NW 
18-12-16,21.5,2,99.29,0,71,291.08,222.53,W  
19-12-16,21.3,2,101.36,0,75,277.52,201.51,NNW
20-12-16,21.3,2,117.26,0,66,220.25,153.45,W  
21-12-16,20.9,2,108.05,0,63,233.14,163.26,WNW
22-12-16,21.4,0,104.89,0,75,213.25,148.86,CLM
23-12-16,21.8,2,93.06,0,76,204.56,136.11,W  
24-12-16,21.8,0,62.85,0,76,181.6,126.48,CLM
25-12-16,22.3,0,116.63,0,78,203.59,149.65,CLM
26-12-16,22.6,2,109.97,0,78,210.06,150.05,W  
27-12-16,21.5,2,99.37,0,72,230.6,164.65,NW 
28-12-16,20.1,2,86.85,0,81,276.35,204.08,W  
29-12-16,20.7,2,80.85,0,80,344.4,242.94,W  
30-12-16,20,0,90.48,0,75,250.58,178.52,CLM
31-12-16,19.7,0,0,0,80,0,0,CLM
01-01-17,20.6,0,90.91,0,78,330.32,244.79,CLM
02-01-17,21,2,110.41,0,72,232.89,170.49,W  
03-01-17,21.6,2,85.77,0,67,229.38,112.42,NW 
04-01-17,20.7,2.5,93.94,0,66,214.77,127.34,NNW
05-01-17,18.7,2.3,74.2,0,83,216.76,188.04,NW 
06-01-17,18,2,21.64,0,81,229.26,168.13,NW 
07-01-17,18.9,2,100.63,0,73,194.19,137.14,WNW
08-01-17,19.7,2,100.99,0,66,304.25,184.86,NW 
09-01-17,20.2,2,99.18,0,63,213.1,163.51,NW 
10-01-17,19.8,3,77.91,0,59,301.99,90.66,NW 
11-01-17,19.4,2,83.34,0,67,202.37,139.17,NW 
12-01-17,19.3,2.7,99.48,0,47,197.47,112.16,N  
13-01-17,17.4,2.5,103.36,0,41,240.51,105.63,NNW
14-01-17,17.2,2,37.71,0,43,254.53,115.27,NNW
15-01-17,18.6,2,99.94,0,56,294.13,172.18,W  
16-01-17,18.2,2,95.88,0,58,316.34,155.64,WNW
17-01-17,18.1,1.5,92.37,0,65,196.84,231.36,NNW
18-01-17,19.8,2,90.36,0,62,176.01,210.31,NE 
19-01-17,21.5,2,110.5,0,55,209.41,136.09,NW 
20-01-17,20.3,2,99.17,0,51,206.22,136.86,NW 
21-01-17,20.6,3,107.94,0,57,244.7,145.01,NNW
22-01-17,21.3,2,98.06,0,60,218.3,158.23,NNW
23-01-17,20.6,3,84.6,0,61,223.11,152.36,NW 
24-01-17,21.6,2,91.1,0,62,257.68,153.33,NW 
25-01-17,21.3,0,107.02,0,67,204.98,193,CLM
26-01-17,22.6,2,97.58,0,61,192.76,152.3,W  
27-01-17,21.6,0,46.09,0,71,188.39,198.83,CLM
28-01-17,22.2,2,62.26,0,67,168.81,145.71,N  
29-01-17,20.8,2,110.21,0,58,179.61,76.7,NNW
30-01-17,20.4,2,105.02,0,64,159.67,110.49,NNW
31-01-17,20,2,95.87,0,67,190.98,140.87,WNW
01-02-17,21.2,1.5,97.36,0,62,201.33,146.42,WNW
02-02-17,20.4,2,113.18,0,61,213.29,139.05,NW 
03-02-17,20,3,98.34,0,73,210.1,163.16,NNW
04-02-17,21.6,1,108.14,0,69,191.6,143.42,NNW
05-02-17,23.8,2,117.24,0,55,292.29,121.66,WNW
06-02-17,23.6,0,91.77,0,59,211.66,148.48,CLM
07-02-17,23.8,1.3,98.46,0,55,206.27,86.62,WNW
08-02-17,22.6,2,113.53,0,46,235.28,90.74,W  
09-02-17,20.9,1.5,118.71,0,58,250.44,112.41,WNW
10-02-17,21.7,2,95.59,0,60,225.31,194.26,W  
11-02-17,22.5,2,81.16,0,65,225.42,151.74,NE 
12-02-17,23.8,0,92.75,0,49,248.16,100.71,CLM
13-02-17,23.5,2,87.18,0,55,313.99,144.16,NNE
14-02-17,23.6,0,74,0,60,269.28,184.99,CLM
15-02-17,24,1.7,95.5,0,51,192.98,151.2,NNW
16-02-17,23.8,2,91.03,0,48,199.49,134.62,NNW
17-02-17,23.8,2,85.91,0,54,262.82,159.12,N  
18-02-17,24.5,2,88.81,0,57,248.36,170.93,WNW
19-02-17,24.5,1,70.48,0,60,121.75,162.22,SSW
20-02-17,24.8,2,51.4,0,80,162.28,109.41,SW 
21-02-17,26.5,2.5,95.94,0,73,184.68,72.79,S  
22-02-17,26.3,2,70.25,0,74,155.63,58.22,S  
23-02-17,24.4,2,101.63,2,58,159.34,76.62,SSW
24-02-17,23.3,2,155.52,0,36,160.38,95.14,NW 
25-02-17,22.3,2,141.13,0,44,145.05,88.39,NNW
26-02-17,22.9,2,143.5,0,47,131.36,111.82,W  
27-02-17,24,2.5,145.48,0,45,102.14,135.6,W  
28-02-17,23.8,2,143.06,0,48,100.34,145.94,NW 
01-03-17,24.5,2,124.05,0,52,232.12,124.74,WSW
02-03-17,26.5,2,133.57,0,54,198.48,128.38,W  
03-03-17,26.7,2,128.08,0,65,161.61,69.92,S  
04-03-17,25.5,2,81.77,0,68,151.23,66.54,S  
05-03-17,25.5,2,100.57,1,74,115.72,43.82,SSW
06-03-17,24.6,0,133.22,7,76,145.42,57.18,CLM
07-03-17,25.4,2,136.86,0,68,156.49,86.38,E  
08-03-17,24.1,2,76.64,0,67,190.97,102.18,SW 
09-03-17,23.6,2,106.48,0,73,174.66,70.65,E  
10-03-17,25.1,2.3,110.85,0,80,196.47,66.51,S  
11-03-17,22.7,1,57.83,38,89,219.68,42.49,S  
12-03-17,24.1,3,148.12,9,66,179.59,67.15,W  
13-03-17,23.7,2,190.69,0,42,270.99,52.04,SW 
14-03-17,22.9,2,183.1,0,48,285.93,66.33,NW 
15-03-17,23.4,2,187.31,0,45,214.03,77.67,WNW
16-03-17,23.2,2,189.78,0,46,151.56,95.24,WSW
17-03-17,26,2,170.11,0,54,142.62,148.72,S  
18-03-17,23.3,2.5,114.12,0,74,157.19,65.5,S  
19-03-17,25.3,5,139.47,8,63,164.04,76.8,NNE
20-03-17,20,3,58.93,1,78,141.45,42.13,NE 
21-03-17,23.1,1,150.75,9,68,151.36,88.33,ENE
22-03-17,25.5,2,153.01,0,62,200.98,93.45,SE 
23-03-17,26.9,2,148.05,0,68,186.07,94.19,E  
24-03-17,28.3,2.2,167.72,0,66,183.5,68.23,S  
25-03-17,24.2,1.5,112.15,0,75,173.63,38.39,SSE
26-03-17,26.7,0,112.24,13,72,154.31,65.63,CLM
27-03-17,28.1,2,116.55,0,77,112.86,59.16,S  
28-03-17,27.4,1.8,69.74,0,79,92.35,45.53,S  
29-03-17,26.7,3,40.52,0,84,88.81,34.57,S  
30-03-17,29.1,3,143.78,14,74,75.43,25.04,S  
31-03-17,29.2,3.8,142.33,0,75,87.21,31.37,S  
01-04-17,29.5,3.4,163.99,0,70,104.93,28.34,S  
02-04-17,28.9,6,116.99,0,73,75.15,30.46,S  
03-04-17,28.4,3.3,127.72,0,69,97.86,27.06,S  
04-04-17,26.7,2.7,119.68,7,76,65.02,31.82,S  
05-04-17,24.2,3,69.33,0,86,78.09,34.8,ENE
06-04-17,26.5,2,106.71,37,82,68.05,64.9,E  
07-04-17,29.8,2.7,164.35,0,74,89.08,37.14,S  
08-04-17,29.8,2.7,142.11,0,76,74.89,42.27,S  
09-04-17,29.6,0,104.57,0,76,78.27,43.56,CLM
10-04-17,30.4,2.3,181.2,0,63,74.43,51.69,S  
11-04-17,30.5,2,192.88,0,62,67.71,56.88,SW 
12-04-17,29.7,2,189.74,0,67,79.4,63.29,WSW
13-04-17,30.6,0,191.17,0,52,117.4,95.52,CLM
14-04-17,30.6,2,183.5,0,51,157.89,86.3,S  
15-04-17,28.2,2.3,170.06,0,65,103.79,44.63,S  
16-04-17,26.5,3,187.72,0,60,101.42,29.85,NE 
17-04-17,29.1,5,190.16,0,58,123.29,60.64,NNW
18-04-17,29.9,2.7,141.83,0,68,90.6,39.96,S  
19-04-17,26.6,5,143.34,0,81,61.56,32.31,S  
20-04-17,26.2,2,127.47,55,76,63.69,39.67,W  
21-04-17,25.3,4.7,57.1,1,83,58.29,40.18,SSE
22-04-17,22.1,2,32.21,2,91,70.22,41.54,S  
23-04-17,24.4,2,62.07,55,88,72.78,45.13,SSW
24-04-17,23.1,4,39.54,18,86,66.49,34.9,SSW
25-04-17,28.4,4,113.03,23,80,74.88,43.76,S  
26-04-17,29.8,4,174.17,18,80,108.68,44.18,S  
27-04-17,29.7,2.7,147.13,0,74,120.75,47.66,S  
28-04-17,30.1,2,155.67,0,77,95.91,48.68,S  
29-04-17,27.7,2.4,168.18,0,73,75.77,43.96,S  
30-04-17,28.4,2.8,158.55,12,72,72.2,41,S  
01-05-17,26.8,2.3,105.15,2,76,79.02,42.33,E  
02-05-17,27.7,0,173.36,62,72,79.09,36.54,CLM
03-05-17,30.3,2,221.03,0,73,85.4,46.51,S  
04-05-17,29.7,2.5,198.17,0,69,90.9,44.52,S  
05-05-17,30.6,3.3,204.17,0,71,86.66,38.71,S  
06-05-17,30.1,3.7,149.46,0,72,88.94,35.81,S  
07-05-17,30.3,2.5,152.05,1,70,86.07,33.21,S  
08-05-17,31,2.3,175.54,0,69,57.05,30.04,S  
09-05-17,26.4,2,66.36,0,78,80.29,37.82,W  
10-05-17,29,2,120.12,0,76,91.6,64.73,SW 
11-05-17,31.2,2,202.89,0,66,76.86,31.69,W  
12-05-17,30.5,2,136.77,0,70,100.89,49.5,SSE
13-05-17,30.5,1.7,143.87,0,67,100.92,53.9,E  
14-05-17,29.9,2,109.37,0,72,67.62,37.3,S  
15-05-17,27.2,2,138.07,0,77,53.46,32.02,S  
16-05-17,26.7,2,126.48,90,82,65.37,47.33,S  
17-05-17,28.2,0,116.52,5,79,70.18,48.33,CLM
18-05-17,30.3,2,200.08,16,69,59.31,26.25,S  
19-05-17,31,2,181.22,0,74,77.05,40.28,SW 
20-05-17,32,2.5,56.7,0,72,65.59,38.66,W  
21-05-17,31.6,2.5,210.72,0,71,67.42,44.98,SSE
22-05-17,32.2,2.6,169.36,0,72,77.48,38.83,S  
23-05-17,32.8,3,179.05,0,69,86.16,41.63,S  
24-05-17,32.4,2.1,162.01,0,69,70.15,38.85,S  
25-05-17,32.6,2,179.79,0,68,74.2,30.33,S  
26-05-17,29.2,2,151.12,0,77,73.7,26.5,S  
27-05-17,30.3,0,89.8,2,74,69.58,46.97,CLM
28-05-17,30,2,83.48,0,73,73.27,55.39,WSW
29-05-17,30,2,104.5,4,77,68.62,56.03,E  
30-05-17,27.4,2.5,47.25,3,83,56.92,19.52,NE 
31-05-17,28.8,0,124.6,3,83,75.22,43.83,CLM
01-06-17,26.4,2.3,40.87,17,91,65.68,30.18,S  
02-06-17,28,3,121.71,8,82,51.49,16.73,S  
03-06-17,31.3,2.3,7.6,21,77,44.76,54.29,S  
04-06-17,30.1,3,33.47,0,77,56.83,29.24,S  
05-06-17,27.2,3,58.23,0,79,55.41,37.25,SSW
06-06-17,30.8,2,168.95,5,74,64.55,43.96,E  
07-06-17,31.6,2,107.64,0,76,37.67,45.56,W  
08-06-17,30.3,2,127.43,1,76,41.1,43.43,S  
09-06-17,30,3,81.68,0,76,50.38,70.74,S  
10-06-17,30.9,0,172.56,0,71,41.01,32.04,CLM
11-06-17,28.5,3.2,99.75,1,83,55.9,20.24,E  
12-06-17,25.7,5.5,33.44,30,97,38.41,35.65,W  
13-06-17,29.4,0,69.28,139,85,37.86,33.98,CLM
14-06-17,28.8,2,112.72,0,88,57.21,34.84,S  
15-06-17,29.2,2.5,105.33,37,80,39.25,39.05,S  
16-06-17,27.2,2,84.34,17,90,36.65,40.78,SW 
17-06-17,28.5,2,161.78,18,87,38.04,30.64,S  
18-06-17,29.6,2,158.13,44,85,47.71,25.29,S  
19-06-17,25.7,2,156.5,20,91,44.92,22.93,SW 
20-06-17,28.4,3,208.98,46,78,40.78,17.79,S  
21-06-17,29,2.5,221.86,0,81,0,12.93,S  
22-06-17,29.6,2,185.99,0,81,0,12.88,S  
23-06-17,30.1,0,127.47,0,74,34.89,14.3,CLM
24-06-17,30.5,2.5,100.23,0,72,45.03,12.71,S  
25-06-17,29.9,3,178.49,0,73,23.53,14.19,S  
26-06-17,30.3,2,209.27,1,73,21.67,13.3,SW 
27-06-17,30.2,2,141.6,0,74,34.09,34.84,S  
28-06-17,29.9,1.5,197.02,0,76,53.12,17.85,S  
29-06-17,30,2,142.13,0,79,61.48,19.83,SSW
30-06-17,29.9,2,131.61,9,80,45.9,24.51,S  
01-07-17,29,2,175.4,1,84,53.1,13.8,S  
02-07-17,28.4,1.8,123.89,5,89,39.3,24.8,SSW
03-07-17,28.1,2.5,112.94,53,90,40.97,20.3,S  
04-07-17,27.7,2,71,25,91,57.95,20.36,S  
05-07-17,27.7,0,89.09,28,90,76.71,10.91,CLM
06-07-17,29.6,2,42.96,27,80,80.63,9.21,SE 
07-07-17,29.4,1.7,47.38,7,81,59.99,17.58,S  
08-07-17,29.3,1.6,185.3,9,81,24.42,18.69,S  
09-07-17,29.8,1.8,175.47,1,78,22.56,9.45,S  
10-07-17,28.8,2.3,164.32,0,85,47.19,12.88,S  
11-07-17,26.7,2,120.01,8,93,70.16,17.22,E  
12-07-17,28.1,2,167.32,103,87,56.33,16.57,SW 
13-07-17,28.6,2,154.74,24,83,63.76,12.77,S  
14-07-17,29.6,2,116.42,0,77,68.56,19.07,NNW
15-07-17,30.8,2.3,186.43,0,69,56.64,15.73,E  
16-07-17,31.8,2,145.82,0,69,44.16,17.84,E  
17-07-17,30.6,2,137.84,1,79,44.2,22.03,SW 
18-07-17,30.6,1.5,122.66,6,74,42.97,20.23,S  
19-07-17,27.2,2,48.77,5,91,40.33,24.67,ENE
20-07-17,27,2,43.28,64,91,36.66,22.72,S  
21-07-17,27.8,1,70.77,17,88,52.62,32.7,S  
22-07-17,28.9,0,86.91,2,81,30.63,16.9,CLM
23-07-17,27.6,1.5,114.59,3,88,27.41,19.86,S  
24-07-17,26.6,3,35.94,24,91,25.74,13.71,S  
25-07-17,26.3,2,41.02,49,92,24.55,17.9,S  
26-07-17,26.8,2,51.65,30,92,35.57,34.01,E  
27-07-17,29.5,2,146.77,65,81,44.05,32.72,S  
28-07-17,31.2,2,5.9,0,73,37.05,23.03,SW 
29-07-17,29,0,138.78,0,87,38.01,19.86,CLM
30-07-17,28.7,2,146.51,10,86,44.86,37.87,W  
31-07-17,30.5,2,143.12,17,78,39.6,30,S  
01-08-17,30.1,2,103.25,1,80,34.66,31.17,S  
02-08-17,28.4,0,70.14,7,90,49.33,35.17,CLM
03-08-17,28.8,2,103.43,24,87,63.76,43.01,S  
04-08-17,30.2,0,149.14,123,82,60.66,25.75,CLM
05-08-17,30.2,2.5,172.02,1,78,54.99,21.86,SE 
06-08-17,29.2,2,88.68,1,84,53.96,23.9,S  
07-08-17,29.1,1.5,150.22,7,79,50.8,16.6,S  
08-08-17,30.4,2,164.58,0,75,56.16,19.6,S  
09-08-17,29.7,2.3,137.2,0,80,47.94,20.36,S  
10-08-17,29.7,3.4,111.6,1,81,51.71,20.52,S  
11-08-17,28.3,2,28.9,11,91,53.18,31.71,S  
12-08-17,26.6,2,27.76,43,95,41.66,23.4,S  
13-08-17,28.2,2,80.48,37,85,43.43,20.51,S  
14-08-17,28.2,0,67.05,0,90,0,36.93,CLM
15-08-17,28.1,0,91.49,19,90,16.13,32.74,CLM
16-08-17,28.1,0,69.44,14,89,15.28,32.16,CLM
17-08-17,29.5,0,82.57,17,80,46.31,40.28,CLM
18-08-17,28.8,2,50.11,1,81,44.87,24.28,ENE
19-08-17,30.1,2,135.81,0,72,43.19,24.21,S  
20-08-17,30.2,2,110.45,0,75,62.81,30.97,S  
21-08-17,28.7,0,75.54,0,88,70.29,34.69,CLM
22-08-17,28.8,8,127.6,18,84,91.41,45.81,W  
23-08-17,28.1,0,100.24,126,89,42.03,27.7,CLM
24-08-17,29.7,2,98.02,16,80,43.98,21.48,S  
25-08-17,28.8,0,73.27,0,88,43.65,22.46,CLM
26-08-17,29.2,5,69.96,28,82,23,25.93,SSW
27-08-17,29.6,2,221.8,48,77,0,47.06,E  
28-08-17,29,2,115.47,1,81,0,17.61,E  
29-08-17,29.6,2,150.11,0,77,10.68,28.35,S  
30-08-17,30.4,0,186.87,0,75,13.71,20.47,CLM
31-08-17,28.1,1.5,0,0,90,0,0,SSW
01-09-17,29.1,0,130.27,29,82,0,15.32,CLM
02-09-17,29.1,2,104.8,0,81,0,12.6,SSW
03-09-17,29.1,2,150.69,0,82,0,12.87,SSW
04-09-17,30.6,2,164.2,3,74,0,16.78,WSW
05-09-17,30.5,0,155.74,0,77,0,21.06,CLM
06-09-17,30.8,1.5,167.74,0,77,0,19.62,S  
07-09-17,30.2,2,131.53,0,79,0,18.17,W  
08-09-17,30.4,2.2,154.72,0,77,0,20.04,S  
09-09-17,29.5,2.3,147.43,0,80,0,24.81,S  
10-09-17,27.1,2,55.99,0,92,15,28.14,WSW
11-09-17,25.8,2,27.07,55,94,0,45.74,S  
12-09-17,28.7,2,127.47,80,84,0,51.37,SSE
13-09-17,28.7,0,83.86,1,86,0,32.79,CLM
14-09-17,29.4,2,112.45,7,82,93,36.09,S  
15-09-17,29.4,0,102.14,0,83,0,46.33,CLM
16-09-17,31.8,2,151.86,0,73,83.02,64.06,NW 
17-09-17,28.2,2,77.58,0,87,35,37.57,S  
18-09-17,29.7,2,177.21,11,76,0,26.83,E  
19-09-17,27.2,2,57.84,22,90,39,19.41,WSW
20-09-17,28.5,2,75.57,13,85,0,33.99,S  
21-09-17,29.1,2,134.28,39,84,0,33.13,SW 
22-09-17,30.5,2.3,183.12,2,74,0,21.46,S  
23-09-17,31.2,3,157.61,0,74,0,27.38,S  
24-09-17,31.7,2,112.55,0,73,0,33,SSW
25-09-17,30.4,0,68.24,0,83,0,54.92,CLM
26-09-17,30.2,2,82.41,5,83,0,65.8,W  
27-09-17,29,0,65.29,0,87,0,68.71,CLM
28-09-17,28.1,5.5,101.18,5,85,0,34.23,W  
29-09-17,26.9,3,50.39,94,91,0,15.1,W  
30-09-17,27.5,3,6.3,15,91,0,14.08,W  
01-10-17,27.4,2,149.18,31,91,0,66.76,S  
02-10-17,28.7,2,115.27,25,81,0,32.07,S  
03-10-17,29.6,0,130.63,0,79,0,30,CLM
04-10-17,30.5,2,108.21,0,79,0,40.62,E  
05-10-17,30.7,0,132.03,0,73,0,44.85,CLM
06-10-17,29.6,0,74.01,0,80,0,54.52,CLM
07-10-17,28.2,2,85.35,5,81,31.98,21.36,S  
08-10-17,28.1,2.6,99.63,2,79,42.78,20.74,E  
09-10-17,27.2,4,57.01,1,84,22.33,24.2,E  
10-10-17,29.4,3,156.45,0,76,13.44,32.57,S  
11-10-17,30.3,2,134.89,0,73,10.17,26.8,W  
12-10-17,30.4,3,478.57,0,75,11.47,32.06,WSW
13-10-17,30.2,2,74.61,0,73,34.05,22.33,SW 
14-10-17,29.9,2,125.32,0,75,43.2,28.11,S  
15-10-17,29.1,0,108.46,61,83,69.94,90.25,CLM
16-10-17,29.7,0,132.3,0,76,81.74,91.92,CLM
17-10-17,30.3,2,147.18,0,76,94.96,88.17,E  
18-10-17,29.3,2,123.91,0,76,89.07,62.1,WNW
19-10-17,26.5,4,72.57,0,89,95.17,22.45,E  
20-10-17,24.4,4.5,12.23,50,96,109.83,25.29,E  
21-10-17,24.2,7,12.09,149,94,118.43,16.17,W  
22-10-17,24.6,3,126.27,86,86,138.69,21.6,W  
23-10-17,27.6,5,148.37,0,79,41.91,39.52,W  
24-10-17,27.1,5,127.77,0,79,40.88,52.21,S  
25-10-17,26.5,0,76.38,2,85,40.61,80.11,CLM
26-10-17,26.4,2,152.81,0,80,108.85,75.96,E  
27-10-17,26.1,2,150.29,0,72,105.18,86.25,NNW
28-10-17,25.1,0,17.16,0,75,86.92,116.73,CLM
29-10-17,25.5,0,125.2,0,70,97.56,67.86,CLM
30-10-17,21.9,2,33.59,0,84,80.97,61.61,E  
31-10-17,23.5,2,143.09,0,77,57.94,42.41,NE 
01-11-17,25.2,2,139.39,0,73,49.92,53.34,ESE
02-11-17,25.6,3,149.06,0,72,44.89,61.18,NNE
03-11-17,25.7,4,160.86,0,70,78.78,62.09,E  
04-11-17,27.2,2.4,191.06,0,69,114.35,51.22,E  
05-11-17,27,2,210.11,0,69,78.54,46.57,E  
06-11-17,27.1,4,153.93,0,68,107.71,56.95,NNE
07-11-17,27,2,212.59,0,64,123.97,54.61,E  
08-11-17,26,2,192.81,0,67,113.1,52.87,E  
09-11-17,25.2,2,95.75,0,71,155.06,92.77,E  
10-11-17,25.4,0,145.87,0,67,138.73,72.86,CLM
11-11-17,25.4,0,137.87,0,65,127.93,61.67,CLM
12-11-17,26.6,2,143.59,0,59,134.92,60.04,WNW
13-11-17,27.1,2,171.07,0,55,111.04,52.49,NNW
14-11-17,26.3,0,119.78,0,65,199.88,131.92,CLM
15-11-17,23.6,2,64.96,0,77,88.15,143.63,ENE
16-11-17,22.8,2.5,87.2,4,86,56.12,132.1,NE 
17-11-17,25.5,3,55.53,2,82,52.64,143.1,E  
18-11-17,26.8,0,53.46,0,78,108.56,122.9,CLM
19-11-17,25.7,0,116.52,0,76,64.15,111.69,CLM
20-11-17,25.1,2,147.86,0,71,64.76,108.27,N  
21-11-17,24,3.7,149.22,0,54,114.94,134.28,NW 
22-11-17,22.8,2.7,139.67,0,51,154.94,169.96,NW 
23-11-17,22.8,2.7,139.13,0,59,52.01,209.51,N  
24-11-17,23,2,125.24,0,61,135.06,86.33,NW 
25-11-17,22.6,4,91.93,0,57,133.42,105.58,N  
26-11-17,22.6,2,93.62,0,61,111.24,82.99,NW 
27-11-17,23.1,2,78.15,0,66,124.92,119.13,WNW
28-11-17,21.7,0,105.37,0,68,128.39,138.19,CLM
29-11-17,21.6,2,6.7,0,81,132.54,121.14,N  
30-11-17,21.3,2,84.53,0,70,45.4,186.59,N  
01-12-17,21.8,0,75.1,0,72,57.73,193.02,CLM
02-12-17,22.2,3,14.34,0,72,144.19,115.92,E  
03-12-17,21.8,2,71.1,0,67,130.25,120.74,ENE
04-12-17,21.3,0,109.6,0,71,121.08,83.45,CLM
05-12-17,21.1,0,78.63,0,70,161.72,148.29,CLM
06-12-17,22.7,0,41.78,0,68,204.11,185.36,CLM
07-12-17,22.7,0,63.56,0,68,184.56,164.64,CLM
08-12-17,22.8,0,100.61,0,69,155.05,114.78,CLM
09-12-17,21,3.5,94.04,4,95,175.68,156.3,ESE
10-12-17,22.1,2.5,64.99,15,95,186.61,171.54,E  
11-12-17,22.8,2,70.66,14,92,170.88,156.09,WSW
12-12-17,23.4,0,77.26,0,81,167.86,156.67,CLM
13-12-17,22.9,0,57.42,0,84,197.99,94.8,CLM
14-12-17,22,0,81.42,0,74,184.52,118.31,CLM
15-12-17,20.7,2,101.75,0,64,218.82,155.71,W  
16-12-17,19.7,0,96.57,0,69,275.05,205.23,CLM
17-12-17,20.5,0,51.17,0,84,195.53,121.44,CLM
18-12-17,20.5,0,65.37,0,79,267.45,108.4,CLM
19-12-17,18,0,64.92,0,91,291.08,128.41,CLM
20-12-17,19.1,0,109.96,0,88,277.52,143.76,CLM
21-12-17,20.3,0,114.59,0,79,220.25,108.02,CLM
22-12-17,20.5,0,110.79,0,82,233.14,135.63,CLM
23-12-17,21,0,105.5,0,74,213.25,117.12,CLM
24-12-17,21.3,2,102.18,0,71,204.56,134.47,N  
25-12-17,21.5,2,81.98,0,75,181.6,117.78,NW 
26-12-17,21.4,2,109.94,0,70,203.59,112.22,NW 
27-12-17,21.1,4,109.11,0,72,210.06,117.13,NE 
28-12-17,19.4,2,113.64,0,85,230.6,139.15,NW 
29-12-17,19.7,0,100.94,0,83,276.35,132.75,CLM
30-12-17,21.6,0,109.31,0,67,344.4,154.1,CLM
31-12-17,21.6,3,109.24,0,64,250.58,116.84,WNW
01-01-18,20.6,0,104.63,0,71,330.32,164.5,
02-01-18,20.2,2.3,120.78,0,74,232.89,109.7,
03-01-18,18.4,3.3,82.91,0,54,229.38,78.46,
04-01-18,15.7,2.7,103.23,0,72,214.77,122.42,
05-01-18,16.1,2,98.47,0,82,216.76,158.74,
06-01-18,16.8,2,73.8,0,58,229.26,110.75,
07-01-18,14.1,3.5,112.77,0,67,194.19,107.8,
08-01-18,13,2,112.03,0,75,304.25,137.87,
09-01-18,16.6,2,104.65,0,64,213.1,141.12,
10-01-18,16.3,2,100.16,0,68,301.99,121.65,
11-01-18,13.8,2.7,100.49,0,83,202.37,144.57,
12-01-18,15.1,2,104.49,0,81,197.47,149.72,
13-01-18,15.7,0,112.83,0,83,240.51,124.23,
14-01-18,14.6,2,55.87,0,90,254.53,124.83,
15-01-18,15.7,2,111.96,0,83,294.13,155.71,
16-01-18,17.7,2,106.02,0,70,316.34,135.74,
17-01-18,18.8,2,104.74,0,75,196.84,186.07,
18-01-18,20.1,2,94.77,0,63,176.01,209.42,
19-01-18,20,2,101.54,0,58,209.41,182.47,
20-01-18,18.3,2,101.8,0,62,206.22,151.41,
21-01-18,19,2,114.99,0,66,244.7,143.45,
22-01-18,17.7,2.3,104.26,0,78,218.3,153.49,
23-01-18,19.8,2,99.17,0,67,223.11,163.11,
24-01-18,19.6,2,100.39,0,62,257.68,144.18,
25-01-18,20.5,2,108.01,0,58,204.98,157.58,
26-01-18,19.6,0,99.63,0,53,192.76,140.68,
27-01-18,17.1,2.3,77.38,0,64,188.39,151.09,
28-01-18,17.1,2.5,70.56,0,62,168.81,121,
29-01-18,17.6,2,112.22,0,66,179.61,82.13,
30-01-18,18.2,2.5,118.76,0,62,159.67,102.03,
31-01-18,19.1,2,111.94,0,67,190.98,140.27,
01-02-18,19.1,2,111.62,0,69,201.33,167.62,
02-02-18,19.6,0,119.15,0,79,213.29,141.28,
03-02-18,20.1,0,119,0,82,210.1,132.85,
04-02-18,22.4,2,121.8,0,71,191.6,128.69,
05-02-18,22.2,2,121.91,0,82,292.29,123.58,
06-02-18,21.7,0,104.17,0,69,211.66,152.15,
07-02-18,22.2,2,105.91,0,60,206.27,129.82,
08-02-18,21.9,2,106.65,0,50,235.28,121.36,
09-02-18,23.1,2,101.28,0,57,250.44,76.39,
10-02-18,23.6,2,124.05,0,49,225.31,122.76,
11-02-18,22.2,3,114.24,0,38,225.42,117.24,
12-02-18,23.3,2,112.87,0,46,187.4,102.6,
13-02-18,23.9,3,113.63,0,49,313.99,126.88,
14-02-18,23,2.5,103.9,0,59,263.35,166.83,
15-02-18,22.3,2.5,109.32,0,50,253.96,177.79,
16-02-18,22.4,3,80.88,0,51,211.98,126.72,
17-02-18,21.8,2.5,64.78,0,62,194.15,123.71,
18-02-18,22.5,2,88.81,0,62,248.36,170.93,
19-02-18,23.6,3,70.48,0,57,121.75,162.22,
20-02-18,24.5,3,51.4,0,57,162.28,109.41,
21-02-18,24.8,2,95.94,0,64,184.68,72.79,
22-02-18,25,2,70.25,0,60,155.63,58.22,
23-02-18,26.1,2,101.63,0,64,159.34,76.62,
24-02-18,25.8,2,155.52,0,71,160.38,95.14,
25-02-18,27.3,2,141.13,0,60,145.05,88.39,
26-02-18,23.4,5,143.5,4,73,131.36,111.82,
27-02-18,25.3,2,145.48,16,72,102.14,135.6,
28-02-18,25.8,2,143.06,0,60,100.34,145.94,
01-03-18,25.9,3,124.05,0,60,232.12,124.74,
02-03-18,26.7,3,133.57,0,59,198.48,128.38,
03-03-18,27.4,2.5,128.08,0,66,161.61,69.92,
04-03-18,28.2,2.3,81.77,0,66,151.23,66.54,
05-03-18,28.1,2,100.57,0,53,115.72,43.82,
06-03-18,27.4,2,79.39,0,46,213.87,109.31,
07-03-18,26.2,2.3,153.16,0,39,171.68,88.58,
08-03-18,25.9,2.5,122.5,0,45,190.93,94.47,
09-03-18,25.6,3,145.04,0,53,212.18,96.83,
10-03-18,25.5,3,144.55,0,45,251.65,112.31,
11-03-18,26.3,2.5,88.44,0,45,177.52,59.75,
12-03-18,27.5,3,176.83,0,62,156.6,68.03,
13-03-18,26.5,2.5,172.25,0,65,211.03,70.63,
14-03-18,27.6,3,168.83,0,71,234.14,76.51,
15-03-18,28.4,3,169,0,67,208.49,89.92,
16-03-18,27.3,2.5,197.24,0,65,154.58,80.68,
17-03-18,27.5,2,163.43,0,56,167.61,123.61,
18-03-18,28.1,2.5,124.94,0,60,137.02,63.97,
19-03-18,27.8,2.5,132.01,0,60,150.16,73.23,
20-03-18,27.1,2,121.04,0,44,132.85,54.95,
21-03-18,28.4,2.5,171.98,0,48,139.82,74.36,
22-03-18,28.1,2,160.43,0,60,141.99,70.34,
23-03-18,28.4,3,165.97,0,68,113.04,77.92,
24-03-18,29,3,162.07,0,68,183.5,103.05,
25-03-18,29.6,2,144.02,0,64,173.63,73.76,
26-03-18,27.2,2.5,138.36,2,67,154.31,94.71,
27-03-18,27.6,2.5,119.68,0,72,112.86,64.83,
28-03-18,28.9,2.7,122.19,0,68,92.35,73.15,
29-03-18,28.8,2.7,105.86,0,68,88.81,73.08,
30-03-18,25.1,4,152.51,0,74,129.65,37.65,
31-03-18,24.2,3,141.95,1,69,84.47,34.5,
01-04-18,27.5,2,163.99,14,55,104.93,28.34,
02-04-18,26.1,2,116.99,0,66,75.15,30.46,
03-04-18,28.6,2,146.94,0,58,116.82,40.32,
04-04-18,27.6,3,134.67,0,62,119.12,61.15,
05-04-18,27.7,5.3,70.47,0,61,98.26,44.57,
06-04-18,26.5,3,159.85,0,71,89.77,58.83,
07-04-18,26.7,2.3,158.6,2,71,73,29.63,
08-04-18,25.8,2,82.3,5,75,71.68,41.51,
09-04-18,28.3,3,135.62,0,65,80.85,43.42,
10-04-18,28.6,3,150.1,0,61,91.13,52.19,
11-04-18,26.9,3,164.18,0,70,128.87,77.44,
12-04-18,27,2,161.06,8,63,84.86,64.47,
13-04-18,28.4,2.5,159.68,5,66,117.4,97.67,
14-04-18,26.5,2,199.63,0,76,157.89,71.26,
15-04-18,28.7,0,167.74,42,65,103.79,41.07,
16-04-18,29.7,2,175.43,0,61,101.42,34.79,
17-04-18,25,4,190.31,0,76,123.29,59.85,
18-04-18,27.8,2,171.92,50,70,90.6,53.34,
19-04-18,27.2,3.5,169.21,12,75,61.56,59.27,
20-04-18,28.6,2.8,164.83,2,72,63.69,57.61,
21-04-18,26.6,3,131.75,17,86,94.49,58.69,
22-04-18,28,6,123.33,12,80,70.22,37.39,
23-04-18,29.6,2,128.8,5,76,72.78,53.27,
24-04-18,30.2,2.3,105.8,0,73,66.49,70.39,
25-04-18,27.5,2.3,159.06,0,66,74.88,56.76,
26-04-18,26.8,3.8,167.98,26,64,108.68,44.74,
27-04-18,26.7,2.3,142.55,32,69,120.75,46.03,
28-04-18,29.2,3.3,155.71,0,64,95.91,39.03,
29-04-18,22.3,3,176.44,0,86,75.77,33.33,
30-04-18,22.7,4,168.5,77,87,72.2,29.85,
01-05-18,27.4,3.5,154.2,32,74,79.02,28.75,
02-05-18,25.2,3,171.44,0,80,79.09,26.6,
03-05-18,26.7,3,164.21,5,74,85.4,36.86,
04-05-18,25.9,4,111.74,0,82,90.9,31.22,
05-05-18,26.9,5,216.28,19,81,86.66,33.11,
06-05-18,29.4,4,172.1,24,76,126.35,40.54,
07-05-18,27.2,2.3,181.46,4,81,98.35,40.02,
08-05-18,29.6,5.7,184.43,0,81,83.88,37.92,
09-05-18,27.8,2,129.86,0,84,97.3,41.64,
10-05-18,24.4,4.5,157.7,14,84,101.22,54.95,
11-05-18,25.8,7.3,192.46,15,77,82.16,36.95,
12-05-18,27.5,6,168.32,2,71,100.89,46.88,
13-05-18,26.9,3,134.09,0,77,100.92,50.25,
14-05-18,27.7,2,160.43,42,74,74.15,41.63,
15-05-18,28.5,4.5,181.61,0,74,69.6,34.4,
16-05-18,23.8,5,154.87,22,83,87.2,48.46,
17-05-18,27.7,5,156.52,10,79,74.45,40.41,
18-05-18,25.8,4,182.84,0,87,75.14,32.27,
19-05-18,27.9,2,163.72,31,83,98.98,47.13,
20-05-18,26.9,3,120.91,35,83,116.02,58.68,
21-05-18,26.3,6,204.2,35,90,88.9,46.33,
22-05-18,28.1,3,184.4,19,89,84.86,36.2,
23-05-18,26.7,4,188.31,12,90,75.8,34.86,
24-05-18,28.7,5,128.51,52,83,65.62,30.68,
25-05-18,28.9,3.8,134.26,1,82,71.85,30.43,
26-05-18,30.7,2,181.78,18,78,81.13,33.86,
27-05-18,31.3,2.5,141.82,0,73,78.32,42.24,
28-05-18,30.6,2.5,147.21,0,70,88.27,47.84,
29-05-18,29.9,4,159.64,0,62,80.15,47.91,
30-05-18,30.6,3.5,123.35,0,65,62.8,23.25,
31-05-18,26.1,2,162.85,0,87,79.48,39.37,
01-06-18,26.6,3,105.86,82,89,73.05,33.6,
02-06-18,28.8,3,119.26,1,83,56.77,23.34,
03-06-18,28,3,74.09,2,87,56.32,45.57,
04-06-18,29,5,62.58,35,84,48.05,23.93,
05-06-18,30.3,0,43.22,23,77,41.05,26.13,
06-06-18,30,3,155.3,0,84,48.59,28.68,
07-06-18,31.2,3,133.37,6,78,33.77,29.08,
08-06-18,30.7,3,139.03,1,79,36.25,27.87,
09-06-18,30.9,3,95.16,0,76,38.74,42.16,
10-06-18,28.9,3,198.45,3,83,36.3,23.84,
11-06-18,29,5,120.13,24,84,46.11,16.73,
12-06-18,28.3,3,126.32,0,90,41.68,26.16,
13-06-18,29.2,3.5,69.28,58,87,37.86,33.98,
14-06-18,31.8,3,112.72,0,80,57.21,34.84,
15-06-18,29.6,7,105.33,0,83,39.25,39.05,
16-06-18,27.7,4.7,84.34,8,79,36.65,40.78,
17-06-18,30.2,2.8,161.78,1,79,38.04,30.64,
18-06-18,31.4,3,158.13,1,80,47.71,25.29,
19-06-18,26.5,3,156.5,0,85,44.92,22.93,
20-06-18,30.2,5,208.98,8,77,40.78,17.79,
21-06-18,30.8,3,221.86,0,77,0,12.93,
22-06-18,30.7,4.3,185.99,1,75,0,12.88,
23-06-18,28.2,3,127.47,0,88,34.89,14.3,
24-06-18,29.4,4.7,100.23,62,83,45.03,12.71,
25-06-18,27.8,5,178.49,0,89,23.53,14.19,
26-06-18,29.5,4,209.27,31,77,21.67,13.3,
27-06-18,28.6,4,141.6,3,79,34.09,34.84,
28-06-18,28.6,4.2,197.02,12,80,53.12,17.85,
29-06-18,29.7,3.9,142.13,4,76,61.48,19.83,
30-06-18,29.9,5.4,131.61,0,78,45.9,24.51,
01-07-18,30.1,5,175.4,0,76,53.1,13.8,
02-07-18,29.1,3,123.89,1,81,39.3,24.8,
03-07-18,27.2,3,112.94,23,92,40.97,20.3,
04-07-18,27.5,3.3,71,43,91,57.95,20.36,
05-07-18,29.5,3.3,89.09,7,82,76.71,10.91,
06-07-18,30.4,3,42.96,0,78,80.63,9.21,
07-07-18,30.8,3,47.38,0,72,59.99,17.58,
08-07-18,29.9,5.3,185.3,0,77,24.42,18.69,
09-07-18,29.2,4.5,175.47,3,80,22.56,9.45,
10-07-18,29.7,4.7,164.32,1,79,47.19,12.88,
11-07-18,30.2,3,120.01,0,76,70.16,17.22,
12-07-18,30.2,3,167.32,9,79,56.33,16.57,
13-07-18,30.4,3,154.74,9,78,63.76,12.77,
14-07-18,31.1,2.8,116.42,1,73,68.56,19.07,
15-07-18,30,3.3,186.43,0,79,56.64,15.73,
16-07-18,29.7,5,145.82,3,78,44.16,17.84,
17-07-18,28.6,4,137.84,5,86,44.2,22.03,
18-07-18,30.8,5,122.66,24,76,42.97,20.23,
19-07-18,33,0,48.77,0,72,40.33,24.67,
20-07-18,31.1,3,43.28,0,73,36.66,22.72,
21-07-18,28.7,3.8,70.77,3,83,52.62,32.7,
22-07-18,29.1,4,86.91,15,87,30.63,16.9,
23-07-18,27.3,4,114.59,23,89,27.41,19.86,
24-07-18,27.1,4,35.94,55,93,25.74,13.71,
25-07-18,27.4,3,41.02,60,90,24.55,17.9,
26-07-18,27.2,3,51.65,39,90,35.57,34.01,
27-07-18,28,3,146.77,10,90,44.05,32.72,
28-07-18,27.8,3,5.9,10,89,37.05,23.03,
29-07-18,28.9,3,138.78,4,82,38.01,19.86,
30-07-18,28.8,2,146.51,0,83,44.86,37.87,
31-07-18,29.4,2,143.12,6,79,39.6,30,
01-08-18,28.4,2.5,103.25,3,83,34.66,31.17,
02-08-18,27.6,2.5,70.14,25,88,49.33,35.17,
03-08-18,28.5,3,103.43,25,83,63.76,43.01,
04-08-18,28.8,0,149.14,0,87,60.66,25.75,
05-08-18,29.1,3,172.02,5,85,54.99,21.86,
06-08-18,29.5,3,88.68,19,82,53.96,23.9,
07-08-18,30,3.7,150.22,12,72,50.8,16.6,
08-08-18,30,4.3,164.58,0,74,56.16,19.6,
09-08-18,29.6,5,137.2,0,78,47.94,20.36,
10-08-18,30.8,2,111.6,0,72,51.71,20.52,
11-08-18,30.6,3.7,28.9,0,74,53.18,31.71,
12-08-18,29,2,27.76,0,83,41.66,23.4,
13-08-18,31,3,80.48,9,73,43.43,20.51,
14-08-18,31.3,5,67.05,2,71,0,36.93,
15-08-18,31.3,5.3,91.49,3,68,32.26,32.74,
16-08-18,30.6,3.5,69.44,0,72,30.57,32.16,
17-08-18,30.6,3,82.57,1,76,26.43,40.28,
18-08-18,32,3,50.11,2,73,33.13,24.28,
19-08-18,30.2,4,135.81,1,77,32.21,24.21,
20-08-18,29.4,4.3,110.45,10,78,62.81,30.97,
21-08-18,29.1,3.5,75.54,10,83,70.29,34.69,
22-08-18,30,3.5,127.6,0,80,91.41,45.81,
23-08-18,29.9,3.5,100.24,2,81,42.03,27.7,
24-08-18,29.6,3.7,98.02,6,81,43.98,21.48,
25-08-18,30.1,3.7,73.27,0,76,43.65,22.46,
26-08-18,29.9,3,69.96,2,77,23,25.93,
27-08-18,29.4,5,221.8,2,76,0,47.06,
28-08-18,29.5,3.3,115.47,0,79,0,17.61,
29-08-18,29,2,150.11,0,82,21.36,28.35,
30-08-18,29.7,2,186.87,2,80,27.43,20.47,
31-08-18,30.7,4.3,0,0,75,0,0,
01-09-18,29.9,3.8,130.27,2,76,0,15.32,
02-09-18,28.3,3,104.8,0,86,0,12.6,
03-09-18,29.7,3.7,150.69,15,80,0,12.87,
04-09-18,29.5,3.7,164.2,0,83,0,16.78,
05-09-18,29.8,4.3,155.74,4,74,0,21.06,
06-09-18,29.2,8.7,167.74,0,72,0,19.62,
07-09-18,29.3,5.8,131.53,0,79,0,18.17,
08-09-18,30.3,2.7,154.72,0,73,0,20.04,
09-09-18,30.2,2.3,147.43,0,73,0,24.81,
10-09-18,29.7,3,55.99,0,75,15,28.14,
11-09-18,29.1,4,27.07,0,80,0,45.74,
12-09-18,29.4,2,127.47,1,84,0,51.37,
13-09-18,27.9,3,83.86,15,90,0,32.79,
14-09-18,28.5,3,112.45,3,84,93,36.09,
15-09-18,30.1,5,102.14,0,77,0,46.33,
16-09-18,30.7,3,151.86,0,70,83.02,64.06,
17-09-18,31.6,0,77.58,0,70,35,37.57,
18-09-18,32.1,0,177.21,0,69,0,26.83,
19-09-18,31.8,5,57.84,0,70,39,19.41,
20-09-18,28.9,4,75.57,23,80,0,33.99,
21-09-18,28.2,5,134.28,2,79,0,33.13,
22-09-18,28.5,3,183.12,6,84,0,21.46,
23-09-18,29.7,3,157.61,3,78,0,27.38,
24-09-18,30.4,3.5,112.55,0,74,0,33,
25-09-18,29.7,4,68.24,0,79,0,54.92,
26-09-18,30.1,3,82.41,0,77,0,65.8,
27-09-18,28.4,3,65.29,0,86,0,68.71,
28-09-18,30.5,0,101.18,2,75,0,34.23,
29-09-18,30.4,5,50.39,0,77,0,15.1,
30-09-18,31.4,3,6.3,0,66,0,14.08,
01-10-18,30.3,5,149.18,0,61,0,66.76,
02-10-18,30.6,3,115.27,0,58,0,32.07,
03-10-18,31.1,3,130.63,0,62,0,30,
04-10-18,29,5,108.21,0,74,0,40.62,
05-10-18,29.3,3,132.03,0,71,0,44.85,
06-10-18,28.4,5,74.01,0,73,0,54.52,
07-10-18,29.4,4,85.35,0,69,63.95,21.36,
08-10-18,29.7,4,99.63,0,62,85.55,20.74,
09-10-18,28.3,4,57.01,0,73,44.67,24.2,
10-10-18,25.7,3.3,156.45,0,84,26.89,32.57,
11-10-18,25.2,5.3,134.89,1,86,20.34,26.8,
12-10-18,24.6,3,478.57,1,92,22.93,32.06,
13-10-18,24.6,4.5,74.61,24,90,34.14,22.33,
14-10-18,25.2,5,125.32,15,83,30.8,28.11,
15-10-18,27.1,4.5,108.46,0,75,59.3,90.25,
16-10-18,27.2,2,132.3,0,68,86.43,91.92,
17-10-18,26.6,3,147.18,0,67,87.63,88.17,
18-10-18,27.3,0,123.91,0,67,91.71,62.1,
19-10-18,27.8,3,72.57,0,72,103.83,22.45,
20-10-18,27.6,0,12.23,0,76,118.8,25.29,
21-10-18,27.6,3,12.09,0,68,93.06,16.17,
22-10-18,27.7,5,126.27,0,71,96.03,21.6,
23-10-18,27.1,3,148.37,0,71,83.83,39.52,
24-10-18,27.1,3,127.77,0,67,81.75,52.21,
25-10-18,27.1,3,76.38,0,58,81.21,80.11,
26-10-18,26.6,3,152.81,0,62,76.25,75.96,
27-10-18,27.5,3,150.29,0,61,68.51,86.25,
28-10-18,23.2,6.5,17.16,1,84,59.81,116.73,
29-10-18,23.7,3.5,125.2,3,82,97.56,67.86,
30-10-18,25.6,3,33.59,0,78,80.97,61.61,
31-10-18,26.8,3,143.09,0,74,57.94,42.41,
01-11-18,27.4,3,139.39,0,69,49.92,53.34,
02-11-18,26.8,3,149.06,0,75,44.89,61.18,
03-11-18,27.3,3,160.86,0,75,78.78,62.09,
04-11-18,27.5,2,191.06,0,73,114.35,51.22,
05-11-18,27.6,2.5,210.11,0,72,54.73,46.57,
06-11-18,25.7,2,153.93,0,83,57.46,56.95,
07-11-18,24.6,3,212.59,13,79,98.56,54.61,
08-11-18,24.8,3,192.81,0,65,86.73,52.87,
09-11-18,23.3,3,95.75,0,73,155.06,92.77,
10-11-18,23.1,0,145.87,0,69,138.73,72.86,
11-11-18,23.5,3,137.87,0,69,96.3,61.67,
12-11-18,24.4,3,143.59,0,69,116.49,60.04,
13-11-18,23.9,3,171.07,0,71,84.96,52.49,
14-11-18,23.8,0,119.78,0,73,153.54,131.92,
15-11-18,24.8,0,64.96,0,73,176.29,143.63,
16-11-18,25.2,3,87.2,0,63,112.24,132.1,
17-11-18,24.8,3.3,55.53,0,62,105.29,143.1,
18-11-18,23.2,3,53.46,0,61,114.12,122.9,
19-11-18,23,3,116.52,0,63,128.3,111.69,
20-11-18,22.4,3,147.86,0,69,129.52,108.27,
21-11-18,22.4,4,149.22,0,70,102.88,134.28,
22-11-18,22.7,3,139.67,0,69,92.88,169.96,
23-11-18,22.7,3,139.13,0,66,104.02,209.51,
24-11-18,22.5,0,125.24,0,72,89.08,86.33,
25-11-18,22.6,4,91.93,0,70,74.27,105.58,
26-11-18,23.6,3,93.62,0,63,79.86,82.99,
27-11-18,24.8,4,78.15,0,58,46.93,119.13,
28-11-18,23.6,3,105.37,0,61,57.63,138.19,
29-11-18,23.1,3,6.7,0,62,94.67,121.14,
30-11-18,22.5,0,84.53,0,64,90.8,186.59,
01-12-18,22.2,3,75.1,0,63,115.46,193.02,
02-12-18,21.9,3,14.34,0,63,113.03,115.92,
03-12-18,22.1,3,71.1,0,62,94.92,120.74,
04-12-18,22.5,3,109.6,0,63,108.6,83.45,
05-12-18,22.7,3,78.63,0,59,98.06,148.29,
06-12-18,21.3,0,41.78,0,68,126.34,185.36,
07-12-18,21.2,2,63.56,0,63,127.87,164.64,
08-12-18,21.5,3,100.61,0,64,127.28,114.78,
09-12-18,21.2,3,94.04,0,68,109.46,156.3,
10-12-18,20.3,0,64.99,0,69,128.4,171.54,
11-12-18,21.3,2.5,70.66,0,64,145.49,156.09,
12-12-18,21.2,3,77.26,0,69,133.04,156.67,
13-12-18,22.2,3,57.42,0,66,133.76,43.22,
14-12-18,22.6,3,81.42,0,62,118.29,50.52,
15-12-18,21.7,3,101.75,0,58,218.82,155.71,
16-12-18,22.3,3,96.57,0,64,275.05,205.23,
17-12-18,20,3,10.66,0,84,101.9,17.68,
18-12-18,18,2.5,30.15,12,88,267.45,16.44,
19-12-18,16.7,4,30.56,1,89,291.08,34.29,
20-12-18,17.1,3,118.55,0,85,277.52,86,
21-12-18,19.3,3,111.92,0,72,220.25,62.58,
22-12-18,19.9,4.3,113.53,0,69,233.14,108,
23-12-18,19.8,0,106.1,0,72,213.25,85.38,
24-12-18,20.4,3,111.29,0,67,204.56,132.83,
25-12-18,19.5,3,101.1,0,63,181.6,109.08,
26-12-18,19.2,3,103.24,0,57,203.59,74.79,
27-12-18,18.8,3,108.24,0,56,210.06,84.2,
28-12-18,17.9,3,127.91,0,43,230.6,113.65,
29-12-18,17.5,3,115.04,0,51,276.35,61.43,
30-12-18,18.2,5,137.77,0,66,344.4,65.26,
31-12-18,19.5,3,128,0,63,250.58,55.16,
